CNPJ_Companhia;Data_Referencia;Versao;ID_Documento;Nome_Companhia;Quantidade_Acionistas_PF;Quantidade_Acionistas_PJ;Quantidade_Acionistas_Investidores_Institucionais;Quantidade_Acoes_Ordinarias_Circulacao;Percentual_Acoes_Ordinarias_Circulacao;Quantidade_Acoes_Preferenciais_Circulacao;Percentual_Acoes_Preferenciais_Circulacao;Quantidade_Total_Acoes_Circulacao;Percentual_Total_Acoes_Circulacao;Data_Ultima_Assembleia
00.000.000/0001-91;2020-01-01;28;104726;BCO BRASIL S.A.;699767;14067;1548;1283197221;44.782000;0;0.000000;1283197221;44.782000;2020-07-30
00.000.208/0001-00;2020-01-01;14;103809;BRB BANCO DE BRASILIA S.A.;12380;32;0;8817610;3.150000;2610600;3.150000;11428210;3.150000;2020-07-31
00.001.180/0001-26;2020-01-01;22;104768;CENTRAIS ELET BRAS S.A. - ELETROBRAS;122540;9677;953;358018408;27.779103;243124047;86.750184;601142455;38.316757;2021-04-27
00.070.698/0001-11;2020-01-01;7;103845;COMPANHIA ENERGÉTICA DE BRASÍLIA - CEB;1023;73;11;488426;6.798634;2372680;32.807145;2861106;19.846212;2020-07-22
00.192.769/0001-59;2020-01-01;1;94800;NEUMARKT TRADE AND FINANCIAL CENTER S/A;0;1;0;0;0.000000;0;0.000000;0;0.000000;2014-08-29
00.272.185/0001-93;2020-01-01;3;103184;CIMS S.A.;0;2;0;0;0.000000;0;0.000000;0;0.000000;2021-04-20
00.336.701/0001-04;2020-01-01;12;103080;TELEC BRASILEIRAS S.A. TELEBRAS;7092;1549;75;716103;1.450000;2166474;11.770000;2882577;4.250000;2020-07-27
00.359.742/0001-08;2020-01-01;5;102800;FICTOR ALIMENTOS S.A.;3582;20;0;6355462;30.410372;0;0.000000;6355462;30.410372;2020-04-30
00.383.281/0001-09;2020-01-01;8;100769;BNDES PARTICIPACOES S.A. - BNDESPAR;0;1;0;0;0.000000;0;0.000000;0;0.000000;2019-04-30
00.389.481/0001-79;2020-01-01;2;99896;LM TRANSPORTES INTERESTADUAIS SERVIÇOS E COMÉRCIO S.A.;2;0;0;0;0.000000;0;0.000000;0;0.000000;2020-12-31
00.416.968/0001-01;2020-01-01;19;103618;BANCO INTER S.A.;121263;184;860;151210581;39.434028;335834170;88.147160;487044751;63.712233;2021-04-13
00.545.378/0001-70;2020-01-01;1;95407;SERRA AZUL WATER PARK SA;0;0;2;29188116;100.000000;0;0.000000;29188116;100.000000;2010-04-30
00.622.416/0001-41;2020-01-01;7;103465;STATKRAFT ENERGIAS RENOVAVEIS S.A.;0;2;0;0;0.000000;0;0.000000;0;0.000000;2018-12-14
00.644.907/0001-93;2020-01-01;3;96239;INVESTCO S.A.;13;32;0;402202308;51.140000;384203962;48.860000;786406270;100.000000;2019-04-25
00.743.065/0001-27;2020-01-01;6;103464;LITEL PARTICIPACOES S.A.;0;3;3;215495403;0.000000;0;0.000000;215495403;100.000000;2019-09-09
00.776.574/0001-56;2020-01-01;14;103796;AMERICANAS S.A. - EM RECUPERAÇÃO JUDICIAL;43475;1207;375;203568008;36.345864;0;0.000000;203568008;36.345864;2021-04-30
00.861.626/0001-92;2020-01-01;2;97442;CONC RODOVIA PRES. DUTRA S.A.;0;2;0;0;0.000000;0;0.000000;0;0.000000;2020-04-07
00.864.214/0001-06;2020-01-01;8;103422;ENERGISA S.A.;9150;452;993;250679709;33.160000;999701983;94.440000;1250381692;68.910000;2020-04-28
00.897.864/0001-58;2020-01-01;1;95675;SANTA CATARINA PART INVEST SA;0;2;0;200000;100.000000;0;0.000000;200000;100.000000;1995-11-13
00.924.429/0001-75;2020-01-01;5;102526;FERROVIA CENTRO-ATLANTICA S.A.;0;7;0;21;0.000017;3;15.789474;24;0.000019;2018-04-27
00.938.574/0001-05;2020-01-01;7;103474;CONC RIO-TERESOPOLIS S.A.;0;7;1;48786;100.000000;37680;100.000000;86466;100.000000;2020-04-17
00.974.211/0001-25;2020-01-01;11;103518;LINHA AMARELA S.A. - LAMSA;0;1;0;0;0.000000;0;0.000000;0;0.000000;2021-02-22
00.979.969/0001-56;2020-01-01;2;100081;CAIXA ADM DIV PUB ESTADUAL SA;5;1;0;0;0.000000;0;0.000000;0;0.000000;2019-04-29
01.027.058/0001-91;2020-01-01;21;104759;CIELO S.A. -  INSTITUIÇÃO DE PAGAMENTO;185348;1244;333;1106042033;40.711000;0;0.000000;1106042033;40.711000;2021-05-10
01.083.200/0001-18;2020-01-01;12;104319;NEOENERGIA S.A.;25665;689;548;226098192;18.630000;0;0.000000;226098192;18.630000;2020-04-20
01.104.937/0001-70;2020-01-01;4;103315;ELETROBRÁS PARTICIPAÇÕES S.A. - ELETROPAR;28263;225;0;1915985;16.290000;0;0.000000;1915985;16.290000;2020-04-29
01.107.327/0001-20;2020-01-01;8;103436;BBM LOGÍSTICA S.A.;2;0;1;0;0.000000;0;0.000000;0;0.000000;2019-12-18
01.258.944/0001-26;2020-01-01;1;95596;RUMO MALHA SUL S.A.;0;1;0;0;0.000000;0;0.000000;0;0.000000;2020-04-30
01.319.044/0001-41;2020-01-01;1;95401;WTC AMAZONAS SUITE HOTEL S.A.;4;0;0;100;100.000000;0;0.000000;100;100.000000;2017-04-28
01.417.222/0001-77;2020-01-01;9;103383;MRS LOGISTICA S.A.;450;15;0;4309905;2.288453;1951372;1.286613;6261277;1.841552;2020-06-17
01.543.032/0001-04;2020-01-01;6;103084;EQUATORIAL GOIÁS DISTRIBUIDORA DE ENERGIA S.A.;20;1;1;102022;0.036000;0;0.000000;102022;0.036000;2021-02-03
01.545.826/0001-07;2020-01-01;9;103853;GAFISA S.A.;30600;174;100;118208091;98.506743;0;0.000000;118208091;98.506743;2020-04-30
01.548.981/0001-79;2020-01-01;5;103780;INVESTIMENTOS BEMGE S.A.;1254;124;2;15919;2.009700;26651;1.695600;42570;1.800810;2021-04-30
01.599.101/0001-93;2020-01-01;7;99476;SEQUOIA LOGÍSTICA E TRANSPORTES S.A.;1502;15;93;75796498;59.612000;0;0.000000;75796498;59.612000;2020-12-24
01.616.929/0001-02;2020-01-01;11;103558;SANEAMENTO DE GOIAS SA;1;60;3;0;0.000000;0;0.000000;0;0.000000;2019-10-18
01.838.723/0001-27;2020-01-01;11;104527;BRF S.A.;59091;1871;34;811759800;99.912188;0;0.000000;811759800;99.912188;2020-04-27
01.851.771/0001-55;2020-01-01;3;103345;524 PARTICIPACOES S.A.;0;1;1;0;0.000000;0;0.000000;0;0.000000;2021-04-30
01.896.779/0001-38;2020-01-01;5;102857;CSU DIGITAL S.A.;16997;218;107;18217771;43.590000;0;0.000000;18217771;43.590000;2021-04-13
01.917.818/0001-36;2020-01-01;11;103700;LIGHT ENERGIA S.A.;0;1;0;0;0.000000;0;0.000000;0;0.000000;2018-04-27
01.938.783/0001-11;2020-01-01;6;104796;CIA PARTICIPACOES ALIANCA DA BAHIA;997;29;3;2805965;43.670000;1601554;24.920000;4407519;34.290000;2020-04-28
01.957.772/0001-89;2020-01-01;1;94527;SUL 116 PARTICIPACOES S.A.;0;4;1;0;0.000000;0;0.000000;0;0.000000;2014-12-26
01.971.614/0001-83;2020-01-01;3;103430;EMPRESA NAC COM REDITO PART S.A.ENCORPAR;1729;1290;3;81688;7.960000;159702;18.280000;241390;12.690000;2021-04-30
01.989.044/0001-59;2020-01-01;1;95341;WTC RIO EMPREEND. E PARTICIPAÇÕES S.A.;3;0;0;1000;100.000000;0;0.000000;1000;100.000000;2019-04-30
02.016.440/0001-62;2020-01-01;6;104683;RGE SUL DISTRIBUIDORA DE ENERGIA S.A.;0;1;0;0;0.000000;0;0.000000;0;0.000000;2019-04-29
02.062.747/0001-08;2020-01-01;3;103348;SUDESTE S.A.;0;1;1;0;0.000009;0;0.000000;0;0.000009;2021-04-30
02.084.220/0001-76;2020-01-01;2;93819;NUMERAL 80 PARTICIPAÇÕES S.A.;0;1;0;0;0.000000;0;0.000000;0;0.000000;2020-03-03
02.105.040/0001-23;2020-01-01;4;97590;VIRGO II COMPANHIA DE SECURITIZACAO;0;2;0;41403;99.409349;246;0.590651;41649;100.000000;2020-04-30
02.149.205/0001-69;2020-01-01;7;102827;PORTO SEGURO S.A.;32713;107;841;93637072;28.963529;0;0.000000;93637072;28.963529;2020-03-31
02.162.616/0001-94;2020-01-01;3;103473;UPTICK PARTICIPACOES S.A. - EM LIQUIDAÇÃO;1;1;0;0;0.000000;0;0.000000;0;0.000000;2019-04-29
02.193.750/0001-52;2020-01-01;10;103382;DEXXOS PARTICIPAÇÕES S.A.;5583;545;67;17923670;57.194967;1762635;5.624621;19686305;62.819588;2021-04-28
02.201.787/0001-85;2020-01-01;1;95220;CEL PARTICIPAÇÕES S.A. - CELPAR;1;3;0;2609000;99.900000;30;0.100000;2609030;100.000000;2012-04-30
02.217.319/0001-07;2020-01-01;3;102928;YBYRÁ CAPITAL S.A.;1;0;0;0;0.000000;0;0.000000;0;0.000000;2021-04-16
02.221.531/0001-30;2020-01-01;4;103056;RDN CONCESSÕES E PARTICIPAÇÕES S.A.;0;1;0;0;0.000000;0;0.000000;0;0.000000;2019-12-19
02.222.736/0001-30;2020-01-01;1;95167;EMPRESA CONC RODOV DO NORTE S.A.ECONORTE;0;1;0;18928597;100.000000;0;0.000000;18928597;100.000000;2018-10-10
02.258.422/0001-97;2020-01-01;5;106336;INEPAR EQUIPAMENTOS E MONTAGENS S/A - EM RECUPERACAO JUDICIA;0;1;0;0;0.000000;0;0.000000;0;0.000000;2012-05-03
02.281.836/0001-37;2020-01-01;2;94223;TRANSNORDESTINA LOGISTICA SA;0;6;0;26099763;0.000000;26099748;0.000000;52199511;0.000000;2019-04-30
02.286.479/0001-08;2020-01-01;2;99493;LOCALIZA FLEET S.A.;0;1;0;0;0.000000;0;0.000000;0;0.000000;2020-03-13
02.291.077/0001-93;2020-01-01;3;97734;PRODUTORES ENERGET.DE MANSO S.A.- PROMAN;0;1;5;45000;45.000000;0;0.000000;45000;45.000000;2019-04-30
02.302.100/0001-06;2020-01-01;6;102899;EDP SÃO PAULO DISTRIBUIÇÃO DE ENERGIA S.A.;0;1;0;39091735037;100.000000;0;0.000000;39091735037;100.000000;2019-04-30
02.302.101/0001-42;2020-01-01;7;103467;EMAE - EMPRESA METROP. DE AGUAS E ENERGIA S.A.;30339;413;10;1097;0.007460;22189646;99.765899;22190743;60.060878;2020-04-23
02.318.346/0001-68;2020-01-01;2;95818;OPPORTUNITY ENERGIA E PARTICIPACOES S.A. - EM LIQUIDAÇÃO;0;1;1;0;0.002000;0;0.000000;0;0.002000;2019-08-12
02.328.280/0001-97;2020-01-01;7;102922;ELEKTRO REDES S.A.;920;7;14;25147;0.027369;598697;0.587659;623844;0.321969;2019-04-11
02.338.534/0001-58;2020-01-01;3;109607;LONGDIS S.A.;6;3;2;24013;0.494900;0;0.000000;24013;0.494900;2012-05-03
02.351.144/0001-18;2020-01-01;12;103493;TEGMA GESTAO LOGISTICA S.A.;14409;81;248;32001480;48.485000;0;0.000000;32001480;48.485000;2021-03-13
02.351.877/0001-52;2020-01-01;19;103756;LWSA S/A;58302;844;716;427663748;73.047254;0;0.000000;427663748;73.047254;2021-04-08
02.357.251/0001-53;2020-01-01;1;94115;LIFEMED INDUSTRIAL DE EQUIP. E ART. MEDICOS E HOSP. S.A;0;5;0;0;0.000000;0;0.000000;0;0.000000;2020-04-17
02.365.069/0001-44;2020-01-01;5;102777;PADTEC HOLDING S.A.;4028;25;29;77893279;99.290629;0;0.000000;77893279;99.290629;2020-07-10
02.382.073/0001-10;2020-01-01;6;100810;PROLAGOS S/A - CONC.DE SERVICOS PÚBLICOS DE ÁGUA E ESGOTO;0;2;0;1;0.000000;0;0.000000;1;0.000000;2021-02-10
02.387.241/0001-60;2020-01-01;22;105130;RUMO S.A.;65595;1587;41;1216056103;65.570000;0;0.000000;1216056103;65.570000;2021-04-21
02.397.080/0001-96;2020-01-01;2;102902;ITAPEBI GERACAO DE ENERGIA S.A.;0;2;0;0;0.000000;0;0.000000;0;0.000000;2020-04-17
02.415.408/0001-50;2020-01-01;2;102861;CONC ROD.OESTE SP VIAOESTE S.A;0;1;0;0;0.000000;0;0.000000;0;0.000000;2020-06-05
02.421.421/0001-11;2020-01-01;8;104308;TIM S.A.;1270233;229942;849;808485985;33.397411;0;0.000000;808485985;33.397411;2020-09-28
02.429.144/0001-93;2020-01-01;9;104791;CPFL ENERGIA S.A.;20455;4806;837;187714249;16.291000;0;0.000000;187714249;16.291000;2020-06-30
02.451.848/0001-62;2020-01-01;2;102860;CONC SIST ANHANG-BANDEIRANT S.A. AUTOBAN;0;1;0;0;0.000000;0;0.000000;0;0.000000;2020-04-08
02.474.103/0001-19;2020-01-01;12;103563;ENGIE BRASIL ENERGIA S.A.;132642;7889;1212;254792279;31.230000;0;0.000000;254792279;31.230000;2020-04-28
02.502.844/0001-66;2020-01-01;5;103840;RUMO MALHA PAULISTA S.A.;0;1;0;0;0.000000;0;0.000000;0;0.000000;2019-04-30
02.509.186/0001-34;2020-01-01;1;95233;TRIÂNGULO DO SOL AUTO-ESTRADAS S.A.;0;1;0;610000;100.000000;0;0.000000;610000;100.000000;2018-04-20
02.509.491/0001-26;2020-01-01;6;104663;CONC ECOVIAS IMIGRANTES S.A.;0;1;0;0;0.000000;0;0.000000;0;0.000000;2020-04-15
02.558.115/0001-21;2020-01-01;1;94499;TIM PARTICIPACOES S.A.;1253361;231889;667;808343726;33.388388;0;0.000000;808343726;33.388388;2020-04-07
02.558.157/0001-62;2020-01-01;5;102984;TELEFÔNICA BRASIL S.A;1847020;461128;3246;444219852;26.269888;0;0.000000;444219852;26.269888;2020-10-01
02.591.787/0001-39;2020-01-01;4;109015;CAPITALPART PARTICIPACOES S.A.;22;0;0;933;0.655000;0;0.000000;933;0.651364;2016-04-29
02.643.896/0001-52;2020-01-01;2;97214;REAL AI PIC SEC DE CREDITOS IMOBILIARIO S.A.;0;1;0;0;0.000000;0;0.000000;0;0.000000;2018-04-28
02.664.042/0001-52;2020-01-01;3;103998;TERMINAL GARAGEM MENEZES CORTES S.A.;0;2;0;0;0.000000;0;0.000000;0;0.000000;2013-04-16
02.682.287/0001-02;2020-01-01;1;93837;PAN FINANCEIRA S.A. - CRÉDITO, FINANCIAMENTO E INVESTIMENTO;0;2;0;11000;0.000000;0;0.000000;11000;100.000000;2020-04-30
02.724.983/0001-34;2020-01-01;5;102639;SANESALTO SANEAMENTO S.A.;0;1;0;0;0.000000;0;0.000000;0;0.000000;2020-12-28
02.736.470/0001-43;2020-01-01;1;93707;CONFIANZA SECURITIZADORA SA;3;1;0;0;0.000000;0;0.000000;0;0.000000;2015-05-12
02.762.113/0001-50;2020-01-01;1;93855;BRAZILIAN FINANCE E REAL ESTATE S.A.;0;1;0;0;0.000000;0;0.000000;0;0.000000;2020-04-30
02.762.115/0001-49;2020-01-01;3;103786;MASSA FALIDA DA MMX MINERACAO E METALICOS S.A.;12244;149;63;2762888;42.580000;0;0.000000;2762888;42.580000;2016-04-29
02.762.121/0001-04;2020-01-01;10;103170;SANTOS BRASIL PARTICIPACOES S.A.;88170;253;332;857995211;99.480199;0;0.000000;857995211;99.480199;2020-10-01
02.762.124/0001-30;2020-01-01;1;94926;BETAPART PARTICIPACOES S.A.;4;0;0;1;100.000000;0;0.000000;1;100.000000;2014-04-28
02.773.542/0001-22;2020-01-01;7;102904;OPEA SECURITIZADORA S.A.;0;1;0;0;0.000000;0;0.000000;0;0.000001;2021-04-09
02.783.423/0001-50;2020-01-01;1;95330;ALTERE SECURITIZADORA S.A.;2;0;0;36218984;100.000000;0;0.000000;36218984;100.000000;2020-04-30
02.796.775/0001-40;2020-01-01;2;95819;GAMA PARTICIPACOES S.A.;0;2;1;0;0.000000;0;0.000000;0;0.000000;2015-04-27
02.800.026/0001-40;2020-01-01;9;103517;COGNA EDUCAÇÃO S.A.;165446;2403;2403;1847994874;98.475368;0;0.000000;1847994874;98.475368;2020-02-11
02.846.056/0001-97;2020-01-01;16;102916;MOTIVA INFRAESTRUTURA DE MOBILIDADE S.A.;21749;149;1221;1115693556;55.232354;0;0.000000;1115693556;55.232354;2020-04-09
02.860.694/0001-62;2020-01-01;7;103752;T4F ENTRETENIMENTO S.A.;11732;142;49;35113740;52.087777;0;0.000000;35113740;52.087777;2020-07-22
02.916.265/0001-60;2020-01-01;15;104723;JBS S.A.;98272;1903;990;1388025890;55.274825;0;0.000000;1388025890;55.274825;2020-04-28
02.919.555/0001-67;2020-01-01;7;103337;ARTERIS S.A.;0;4;0;0;0.000000;0;0.000000;0;0.000000;2017-06-14
02.932.074/0001-91;2020-01-01;13;104052;HYPERA S.A.;47067;790;763;410147968;64.872394;0;0.000000;410147968;64.872394;2020-05-15
02.950.811/0001-89;2020-01-01;6;102203;PDG REALTY S.A. EMPREEND E PARTICIPACOES;8746;149;19;8066955;100.000000;0;0.000000;8066955;100.000000;2019-05-10
02.992.449/0001-09;2020-01-01;3;103350;PROMPT PARTICIPACOES S.A.;0;1;2;0;0.000000;0;0.000000;0;0.000000;2021-04-30
02.998.301/0001-81;2020-01-01;4;103528;RIO PARANAPANEMA ENERGIA S.A.;11227;234;21;297036;0.940000;3300250;5.240000;3597286;3.810000;2020-07-03
02.998.611/0001-04;2020-01-01;11;104350;ISA ENERGIA BRASIL;127479;653;1504;27080900;10.499007;395797044;98.715904;422877944;64.181008;2019-04-16
03.014.553/0001-91;2020-01-01;7;104605;TPI - TRIUNFO PARTICIP. E INVEST. S.A.;10802;78;1;74061523;42.080410;0;0.000000;74061523;42.080410;2020-06-02
03.025.305/0001-46;2020-01-01;1;95235;RODOVIAS DAS COLINAS S.A.;0;1;0;74220000;100.000000;0;0.000000;74220000;100.000000;2012-06-29
03.207.703/0001-83;2020-01-01;3;103521;CONCESSIONARIA DE RODOVIAS DO INTERIOR PAULISTA S/A;0;2;0;0;0.000000;0;0.000000;0;0.000000;2016-04-29
03.220.438/0001-73;2020-01-01;15;104607;EQUATORIAL S.A.;9886;1493;1453;1010286085;100.000000;0;0.000000;1010286085;100.000000;2019-12-06
03.303.999/0001-36;2020-01-01;4;100333;DTCOM - DIRECT TO COMPANY S.A.;243;6;12;185914;2.530000;0;0.000000;185914;2.390000;2020-04-30
03.378.521/0001-75;2020-01-01;19;103698;LIGHT S.A. - EM RECUPERAÇÃO JUDICIAL;26009;10263;971;372555324;100.000000;0;0.000000;372555324;100.000000;2021-01-19
03.467.321/0001-99;2020-01-01;2;97021;ENERGISA MATO GROSSO-DISTRIBUIDORA DE ENERGIA S/A;220;60;8;4383414;5.800000;1065591;0.740000;5449005;2.490000;2020-04-28
03.538.833/0001-07;2020-01-01;2;95821;XX DE NOVEMBRO INVESTIMENTOS E PARTICIPAÇÕES S.A.;1;0;1;0;0.000000;0;0.000000;0;0.000000;2020-03-31
03.758.318/0001-24;2020-01-01;20;103632;INVESTIMENTOS E PARTICIP. EM INFRA S.A. - INVEPAR;0;1;3;71528562;50.000000;143057122;50.000000;214585684;50.000000;2020-04-28
03.767.538/0001-14;2020-01-01;1;93835;BRAZILIAN SECURITIES CIA SECURITIZACAO;0;1;0;0;0.000000;0;0.000000;0;0.000000;2020-04-30
03.795.050/0001-09;2020-01-01;1;94965;TERMOPERNAMBUCO S.A.;0;1;0;0;0.000000;0;0.000000;0;0.000000;2020-04-17
03.818.379/0001-30;2020-01-01;2;95852;SABER SERVIÇOS EDUCACIONAIS S.A.;0;3;0;0;0.000000;0;0.000000;0;0.000000;2019-12-17
03.847.461/0001-92;2020-01-01;10;104581;BRADESPAR S.A.;96710;10947;479;26906369;22.023500;222604507;98.557500;249510876;71.691500;2021-03-22
03.853.896/0001-40;2020-01-01;5;104572;MARFRIG GLOBAL FOODS S.A.;26550;108;412;368864634;51.850000;0;0.000000;368864634;51.850000;2019-12-17
03.953.509/0001-47;2020-01-01;5;104776;CPFL GERACAO DE ENERGIA S.A.;0;1;0;0;0.000000;0;0.000000;0;0.000000;2019-12-31
03.983.431/0001-03;2020-01-01;7;102941;EDP - ENERGIAS DO BRASIL S.A.;237085;0;1572;231489471;38.146053;0;0.000000;231489471;38.146053;2020-03-31
04.030.182/0001-02;2020-01-01;4;102100;CABINDA PARTICIPACOES S.A.;1;1;0;2368000;0.000000;4736000;0.000000;7104000;0.000000;2016-07-05
04.031.213/0001-31;2020-01-01;6;103597;CACONDE PARTICIPACOES S.A.;1;1;0;613211;0.000000;1226542;0.000000;1839753;0.000000;2016-06-20
04.032.433/0001-80;2020-01-01;8;103356;CONTAX PARTICIPAÇÕES S.A. - EM RECUPERAÇÃO JUDICIAL;2944;19;37;4121644;17.570000;0;0.000000;4121644;17.570000;2020-04-30
04.038.763/0001-82;2020-01-01;4;102098;CAIANDA PARTICIPACOES S.A.;1;1;0;686869;0.000000;1373254;0.000000;2060123;100.000000;2016-06-20
04.065.791/0001-99;2020-01-01;3;103790;SINQIA S.A.;109354;632;155;58702058;83.210000;0;0.000000;58702058;83.210000;2020-09-24
04.089.570/0001-50;2020-01-01;4;103506;ÁGUAS GUARIROBA S.A;0;2;0;1;0.000000;0;0.000000;1;0.000000;2020-05-07
04.128.563/0001-10;2020-01-01;9;102815;AES TIETE ENERGIA SA;116741;551;438;0;0.000000;0;0.000000;0;0.000000;2020-02-13
04.149.454/0001-80;2020-01-01;13;101038;ECORODOVIAS INFRAESTRUTURA E LOGÍSTICA S.A.;25884;139;429;171109276;30.626000;0;0.000000;171109276;30.626000;2020-04-16
04.172.213/0001-51;2020-01-01;6;104662;CIA PIRATININGA DE FORCA E LUZ;0;1;0;0;0.000000;0;0.000000;0;0.000000;2019-04-29
04.200.649/0001-07;2020-01-01;19;100698;COMPANHIA PROVINCIA DE SECURITIZACAO;2;0;0;820000;100.000000;0;0.000000;820000;100.000000;2020-10-09
04.233.319/0001-18;2020-01-01;4;103673;NCF PARTICIPAÇÕES S/A;0;3;0;0;0.000000;0;0.000000;0;0.000000;2020-04-30
04.370.282/0001-70;2020-01-01;3;103556;COPEL GERAÇÃO E TRANSMISSÃO S.A.;0;1;0;0;0.000000;0;0.000000;0;0.000000;2020-04-30
04.423.567/0001-21;2020-01-01;16;104873;ENEVA S.A;30348;860;0;1262352513;99.770671;0;0.000000;1262352513;99.770671;2020-04-29
04.437.534/0001-30;2020-01-01;6;100700;LOCAMÉRICA RENT-A-CAR S.A.;0;1;0;0;0.000000;0;0.000000;0;0.000000;2020-06-16
04.739.720/0001-24;2020-01-01;9;98867;USINA TERMELÉTRICA PAMPA SUL S.A.;0;2;0;0;0.000000;0;0.000000;0;0.000000;2019-12-23
04.752.991/0001-10;2020-01-01;5;102374;BIOMM S.A.;2354;94;17;19799632;29.239200;0;0.000000;19799632;29.239200;2020-10-06
04.821.041/0001-08;2020-01-01;4;104712;METALFRIO SOLUTIONS S.A.;349;12;1;1895139;46.150000;0;0.000000;1895139;46.150000;2020-06-15
04.895.728/0001-80;2020-01-01;6;103543;EQUATORIAL PARÁ DISTRIBUIDORA DE ENERGIA S.A.;1734;554;17;73343731;3.320000;3991521;89.630000;77335252;3.500000;2019-04-29
04.902.979/0001-44;2020-01-01;9;103988;BCO AMAZONIA S.A.;14528;509;22;1245410;4.200942;0;0.000000;1245410;4.200942;2019-12-31
04.912.242/0001-02;2020-01-01;1;95103;PORTUENSE FERRAGENS S/A;218;1;0;24353;81.480800;5535;15.519200;29888;100.000000;2001-04-30
04.913.711/0001-08;2020-01-01;10;102907;BCO ESTADO DO PARA S.A.;201;122;1;2062;0.021600;0;0.000000;2062;0.021600;2020-04-15
04.972.092/0001-22;2020-01-01;1;97733;GRUPO FARTURA DE HORTIFRUT S.A.;4;0;1;0;0.000000;0;0.000000;0;0.000000;2021-04-19
04.986.320/0001-13;2020-01-01;7;104783;SER EDUCACIONAL S.A.;7888;135;176;54346207;42.220000;0;0.000000;54346207;42.220000;2020-04-30
04.992.714/0001-84;2020-01-01;4;103720;NOVA TRANSPORTADORA DO SUDESTE S.A. - NTS;0;3;0;0;0.000000;0;0.000000;0;0.000000;2019-04-24
05.197.443/0001-38;2020-01-01;9;100175;HAPVIDA PARTICIPAÇÕES E INVESTIMENTOS S.A.;19562;269;1669;1085256490;29.213380;0;0.000000;1085256490;29.213380;2020-11-19
05.336.882/0001-84;2020-01-01;2;102134;CACHOEIRA PAULISTA TRANSMISSORA ENERGIA S.A.;0;1;0;76281111;100.000000;0;0.000000;76281111;100.000000;2011-08-18
05.495.546/0001-84;2020-01-01;6;103470;LITELA PARTICIPAÇÕES S.A. - EM LIQUIDAÇÃO;0;3;3;196713125;100.000000;0;0.000000;196713125;100.000000;2019-09-09
05.721.735/0001-28;2020-01-01;13;102896;WILSON SONS LTD.;570;5;115;30499860;42.390000;0;0.000000;30499860;42.390000;2020-04-29
05.730.375/0001-20;2020-01-01;13;103679;SMILES FIDELIDADE S.A.;39661;528;385;58849204;47.398277;0;0.000000;58849204;47.398277;2020-07-31
05.799.312/0001-20;2020-01-01;4;102716;TERRA SANTA AGRO S.A.;6088;49;61;7184729;32.977000;0;0.000000;7184729;32.977000;2021-04-07
05.878.397/0001-32;2020-01-01;8;103608;ALLOS S.A.;9375;18;559;127376805;47.926957;0;0.000000;127376805;47.926957;2020-04-30
05.889.284/0001-32;2020-01-01;1;93658;CSA-COMPANHIA SECURITIZADORA DE ATIVOS;3;2;0;0;0.000000;0;0.000000;0;0.000000;2020-04-30
06.016.348/0001-53;2020-01-01;2;95239;VENTOS DO SUL ENERGIA S.A.;0;3;0;0;0.000000;0;0.000000;0;0.000000;2019-09-04
06.047.087/0001-39;2020-01-01;11;103739;REDE D'OR SÃO LUIZ S.A.;59;9;0;878087590;44.229000;0;0.000000;878087590;44.229000;2020-11-13
06.057.223/0001-71;2020-01-01;11;103627;SENDAS DISTRIBUIDORA S.A.;0;7;0;157155600;58.560000;0;0.000000;157155600;58.560000;2021-04-28
06.137.677/0001-52;2020-01-01;1;94082;BRPR 56 SECURITIZADORA CRED IMOB S.A.;0;1;0;388374;100.000000;0;0.000000;388374;100.000000;2019-12-31
06.164.253/0001-87;2020-01-01;12;103583;GOL LINHAS AEREAS INTELIGENTES S.A.;89470;345;394;35;0.000001;139276933;50.826498;139276968;4.435814;2021-04-22
06.272.793/0001-84;2020-01-01;8;103542;EQUATORIAL MARANHÃO DISTRIBUIDORA DE ENERGIA S.A.;1466;27;18;56198212;34.840000;1087583;37.961000;57285795;34.890000;2018-04-25
06.347.409/0001-65;2020-01-01;5;104838;SBF COMÉRCIO DE PRODUTOS ESPORTIVOS S.A.;0;2;0;0;0.000000;0;0.000000;0;0.000000;2020-12-04
06.626.253/0001-51;2020-01-01;12;103466;EMPREENDIMENTOS PAGUE MENOS S.A.;28630;87;72;159318000;35.900000;0;0.000000;159318000;35.900000;2020-09-30
06.948.969/0001-75;2020-01-01;23;104881;LINX S.A.;11835;0;319;147968946;78.120000;0;0.000000;147968946;78.120000;2020-03-31
06.977.745/0001-91;2020-01-01;10;104485;BR MALLS PARTICIPACOES S.A.;43184;199;1046;843728684;96.631000;0;0.000000;843728684;96.631000;2020-07-02
06.977.751/0001-49;2020-01-01;10;103548;BR PROPERTIES S.A.;5006;44;428;198812616;40.449000;0;0.000000;198812616;40.449000;2020-04-24
06.981.176/0001-58;2020-01-01;10;104645;CEMIG GERACAO E TRANSMISSAO S.A.;0;1;0;0;0.000000;0;0.000000;0;0.000000;2019-05-03
06.981.180/0001-16;2020-01-01;10;104646;CEMIG DISTRIBUICAO S.A.;0;1;0;0;0.000000;0;0.000000;0;0.000000;2019-08-07
06.981.381/0001-13;2020-03-31;7;94239;CTC - CENTRO DE TECNOLOGIA CANAVIEIRA S.A.;0;89;1;112647;14.158000;0;0.000000;112647;14.158000;2019-07-25
07.040.108/0001-57;2020-01-01;10;103215;CAGECE - CIA DE AGUA E ESGOTO DO CEARA;4;5;0;21340651;11.394000;18169;0.193000;21358820;11.586000;2019-11-22
07.043.628/0001-13;2020-01-01;1;93980;CLARO TELECOM PARTICIPAÇÕES S.A.;0;2;0;0;0.000000;0;0.000000;0;0.000000;2020-04-27
07.047.251/0001-70;2020-01-01;10;103365;CIA ENERGETICA DO CEARA - COELCE;2138;195;121;1003692;2.088070;19198932;64.453281;20202624;25.948939;2020-06-26
07.119.838/0001-48;2020-01-01;1;95042;SECME - COMPANHIA SECURITIZADORA DE CRÉDITOS IMOBILIÁRIOS;0;2;0;0;0.000000;0;0.000000;0;0.000000;2020-04-30
07.206.816/0001-15;2020-01-01;7;105726;M.DIAS BRANCO S.A. IND COM DE ALIMENTOS;62395;150;519;83669782;24.681352;0;0.000000;83669782;24.681352;2020-05-06
07.237.373/0001-20;2020-01-01;16;104548;BCO NORDESTE DO BRASIL S.A.;8623;1105;13;614211;0.710000;0;0.000000;614211;0.710000;2020-04-30
07.253.321/0001-47;2020-01-01;1;94834;CARBOMIL SA MINER. E INDUSTRIA;5;1;0;155000;70.000000;66000;30.000000;221000;100.000000;2020-07-30
07.275.159/0001-68;2020-01-01;1;94675;PETROLEO LUB DO NORDESTE SA;177;365;0;239823;48.310000;1672246;95.370000;1912069;84.330000;2011-04-29
07.282.377/0001-20;2020-01-01;3;96895;ENERGISA SUL-SUDESTE - DISTRIBUIDORA DE ENERGIA S/A;22;9;0;731;0.750000;0;0.000000;731;0.750000;2020-12-31
07.334.600/0001-35;2020-01-01;1;94958;MARINA DE IRACEMA PARK SA;8;2;0;0;0.000000;0;0.000000;0;0.000000;2019-04-30
07.401.436/0001-31;2020-01-01;4;104677;ELDORADO BRASIL CELULOSE S.A.;0;2;0;1525558419;100.000000;0;0.000000;1525558419;100.000000;2012-08-20
07.415.333/0001-20;2020-01-01;16;105089;SIMPAR S.A.;19987;140;389;72868367;35.330000;0;0.000000;72868367;35.330000;2020-08-05
07.437.016/0001-05;2020-01-01;2;97718;CINESYSTEM S.A.;3;3;0;0;0.000000;0;0.000000;0;0.000000;2020-04-28
07.526.557/0001-00;2020-01-01;10;104468;AMBEV S.A.;328334;2072;670;4358542894;27.690000;0;0.000000;4358542894;27.690000;2021-03-29
07.587.384/0001-30;2020-01-01;1;95316;PLANETA SECURITIZADORA S.A.;1;1;0;0;0.000000;0;0.000000;0;0.000000;2015-04-30
07.594.978/0001-78;2020-01-01;2;99415;SMARTFIT ESCOLA DE GINÁSTICA E DANÇA S.A.;12;14;0;0;0.000000;0;0.000000;0;0.000000;2020-12-28
07.628.528/0001-59;2020-06-30;8;98252;BRASILAGRO - CIA BRAS DE PROP AGRICOLAS;12107;77;167;38987228;62.777018;0;0.000000;38987228;62.777018;2020-10-16
07.659.538/0001-51;2020-01-01;3;97243;DINAMICA ENERGIA S.A.;3;1;0;334424444;100.000000;0;0.000000;334424444;100.000000;2007-04-27
07.689.002/0001-89;2020-01-01;3;103399;EMBRAER S.A.;67692;14965;211;736143105;99.416000;0;0.000000;736143105;99.416000;2020-04-29
07.718.269/0001-57;2020-01-01;5;104763;SPRINGS GLOBAL PARTICIPACOES S.A.;4912;33;62;23408641;46.821594;0;0.000000;23408641;46.821594;2020-04-30
07.816.890/0001-53;2020-01-01;3;103091;MULTIPLAN - EMPREEND IMOBILIARIOS S.A.;10672;1230;0;245888754;43.490000;0;0.000000;245888754;40.920000;2020-04-30
07.820.907/0001-46;2020-01-01;8;103234;FICA EMPREENDIMENTOS IMOBILIÁRIOS S.A.;319;5;31;2380679;98.287772;0;0.000000;2380679;98.287727;2021-01-27
07.857.093/0001-14;2020-01-01;11;99732;AURA MINERALS INC.;53;29;1;1886316;43.330000;0;0.000000;1886316;43.330000;2019-05-31
07.857.850/0001-50;2020-01-01;9;103802;GP INVESTMENTS, LTD.;601;4;71;0;0.000000;68093790;100.000000;68093790;100.000000;2019-12-31
07.859.510/0001-68;2020-01-01;3;103890;JHSF MALLS S.A.;0;3;0;0;0.000000;0;0.000000;0;0.000000;2020-05-24
07.859.971/0001-30;2020-01-01;10;104614;TRANSMISSORA ALIANÇA DE ENERGIA ELÉTRICA S.A.;143521;408;933;218568274;37.000689;437136468;98.724840;655704742;63.445266;2020-04-30
07.882.930/0001-65;2020-01-01;8;153053;MITRE REALTY EMPREENDIMENTOS E PARTICIPAÇÕES S.A.;6666;76;151;54039454;51.089000;0;0.000000;54039454;51.089000;2020-04-30
07.950.674/0001-04;2020-01-01;1;95898;CCX CARVÃO DA COLÔMBIA S.A. - EM LIQUIDAÇÃO;1298;6;0;744796;43.779900;0;0.000000;744796;43.779900;2019-04-30
08.065.557/0001-12;2020-01-01;17;104836;TECNISA S.A.;47887;198;162;53770374;73.038490;0;0.000000;53770374;73.038490;2021-04-23
08.070.508/0001-78;2020-03-31;9;97571;RAIZEN ENERGIA S.A.;0;3;0;7243283199;100.000000;133342458;100.000000;7376625657;100.000000;2017-07-31
08.078.847/0001-09;2020-01-01;6;104556;LPS BRASIL - CONSULTORIA DE IMOVEIS S.A.;28379;226;57;114874308;77.852052;0;0.000000;114874308;77.852052;2020-08-19
08.159.965/0001-33;2020-01-01;8;103625;IGUA SANEAMENTO S.A.;0;1;3;0;0.000000;0;0.000000;0;0.000000;2019-09-18
08.294.224/0001-65;2020-01-01;18;103864;JHSF PARTICIPACOES S.A.;121364;901;118;288832602;41.919070;0;0.000000;288832602;41.919070;2021-03-29
08.312.229/0001-73;2020-01-01;5;103711;EZ TEC EMPREEND. E PARTICIPACOES S.A.;46550;618;197;95756217;42.183355;0;0.000000;95756217;42.183355;2020-04-28
08.324.196/0001-81;2020-01-01;8;102919;CIA ENERGETICA DO RIO GDE NORTE - COSERN;5769;429;7;1322285;1.019132;580618;1.514874;1902903;1.132181;2019-04-12
08.343.492/0001-20;2020-01-01;9;103102;MRV ENGENHARIA E PARTICIPACOES S.A.;43772;1004;838;293978672;60.880900;0;0.000000;293978672;60.880900;2020-04-16
08.364.948/0001-38;2020-01-01;6;100969;ALUPAR INVESTIMENTO S/A;29439;623;0;143807403;24.090000;276377771;97.950000;420185174;47.790000;2020-04-27
08.402.943/0001-52;2020-01-01;6;104340;GUARARAPES CONFECCOES S.A.;19780;504;0;81944760;16.415216;0;0.000000;81944760;16.415216;2020-04-29
08.424.178/0001-71;2020-01-01;1;95172;TECBLU TECELAGEM BLUMENAU S.A.;3;4;0;18089;14.990000;102590;85.010000;120679;100.000000;2016-04-29
08.439.659/0001-50;2020-01-01;10;104781;CPFL ENERGIAS RENOVÁVEIS S.A.;339;3;2;0;0.000000;0;0.000000;0;0.000000;2020-07-07
08.467.115/0001-00;2020-01-01;15;104597;CIA ESTADUAL DE DISTRIB ENER ELET-CEEE-D;102;212;0;3135911;32.950000;162927;99.340000;3298838;34.080000;2020-04-30
08.493.364/0001-62;2020-03-31;1;87080;CIA MINEIRA DE AÇUCAR E ALCOOL PARTICIPAÇÕES;0;3;0;1064082217;100.000000;0;0.000000;1064082217;100.000000;2018-07-01
08.534.605/0001-74;2020-01-01;11;104233;RENOVA ENERGIA S.A.;5266;39;0;6061538;11.919260;12078149;24.505511;18139687;18.113881;2020-07-31
08.560.444/0001-93;2020-01-01;5;103763;CIA CELG DE PARTICIPACOES - CELGPAR;258;92;0;77829;0.100000;0;0.000000;77829;0.100000;2020-04-03
08.574.411/0001-00;2020-01-01;5;103989;PRÁTICA PRODUTOS S.A.;0;2;0;0;0.000000;373242;100.000000;373242;10.011123;2020-04-30
08.613.550/0001-98;2020-01-01;14;103723;NEXPE PARTICIPAÇÕES S.A;11174;34;81;77734448;98.985000;0;0.000000;77734448;98.985000;2021-01-12
08.653.753/0001-08;2020-01-01;1;95321;BRC SECURITIZADORA S.A.;0;1;0;453440;100.000000;0;0.000000;453440;0.000000;2020-06-26
08.764.621/0001-53;2020-01-01;3;103889;GENERAL SHOPPING E OUTLETS DO BRASIL BRASIL S.A.;2867;8;25;1875251;97.225277;0;0.000000;1875251;97.225277;2020-04-30
08.769.451/0001-08;2020-01-01;5;99126;VIRGO COMPANHIA DE SECURITIZAÇÃO;0;1;0;0;0.000000;0;0.000000;0;0.000000;2020-10-01
08.773.135/0001-00;2020-01-01;5;102932;2W ECOBANK S.A. - EM RECUPERAÇÃO JUDICIAL;8;2;0;2270968;2.000000;0;0.000000;2270968;2.000000;2020-09-29
08.773.191/0001-36;2020-01-01;1;95240;BRASILIANA PARTICIPAÇÕES S/A;0;2;0;0;0.000000;0;0.000000;0;0.000000;2019-04-30
08.795.211/0001-70;2020-01-01;4;104038;MAESTRO LOCADORA DE VEICULOS S.A.;3;1;3;0;0.000000;0;0.000000;0;0.000000;2015-04-29
08.797.760/0001-83;2020-01-01;6;103656;CURY CONSTRUTORA E INCORPORADORA S.A.;1360;2;217;104545454;35.818560;0;0.000000;104545454;35.818560;2020-09-28
08.801.621/0001-86;2020-01-01;6;103850;SYN PROP & TECH S.A.;8252;204;38;59386986;38.905000;0;0.000000;59386986;38.905000;2020-04-30
08.807.432/0001-10;2020-01-01;8;104577;YDUQS PARTICIPACOES S.A.;24581;186;973;300483575;97.215900;0;0.000000;300483575;97.215900;2020-04-24
08.810.422/0001-34;2020-01-01;1;99231;GUARARAPES PAINÉIS S.A.;3;1;1;0;0.000000;0;0.000000;0;0.000000;2021-03-05
08.811.643/0001-27;2020-01-01;5;103554;TRISUL S.A.;21238;258;176;78643944;42.140000;0;0.000000;78643944;42.140000;2020-04-23
08.822.767/0001-08;2020-01-01;1;95236;CONCESSIONÁRIA DA RODOVIA MG-050 S.A.;0;1;0;0;100.000000;0;0.000000;0;100.000000;2018-12-14
08.827.501/0001-58;2020-01-01;8;103494;AEGEA SANEAMENTO E PARTICIPAÇÕES S.A.;0;4;0;131940932;19.070000;103653713;74.660000;235594645;28.370000;2020-01-10
08.873.873/0001-10;2020-01-01;10;104566;ECORODOVIAS CONCESSÕES E SERVIÇOS S.A.;0;1;0;0;0.000000;0;0.000000;0;0.000000;2020-04-15
08.902.291/0001-15;2020-01-01;5;103856;CSN MINERAÇÃO S.A.;0;4;0;1200110145;21.464100;0;0.000000;1200110145;21.464100;2021-01-21
08.926.302/0001-05;2020-01-01;9;104014;DOMMO ENERGIA S.A.;52218;431;131;307876934;99.976710;0;0.000000;307876934;99.976710;2021-01-27
08.935.054/0001-50;2020-01-01;8;103229;MULTINER S/A;0;2;1;3788360;48.089427;6843555;99.999971;10631915;100.000000;2017-11-21
08.937.002/0001-13;2020-01-01;1;95168;VISION SECURITIZADORA S.A.;2;1;0;1293000;100.000000;0;0.000000;1293000;100.000000;2014-05-30
09.041.168/0001-10;2020-01-01;4;97132;LOG COMMERCIAL PROPERTIES E PARTICIPAÇÕES;22051;272;223;59735959;58.473400;0;0.000000;59735959;58.473400;2020-04-16
09.042.817/0001-05;2020-01-01;7;104839;BEMOBI MOBILE TECH S.A.;13013;173;173;88090318;96.899000;0;0.000000;88090318;96.899000;2020-05-19
09.053.134/0001-45;2020-01-01;6;104584;ELFA MEDICAMENTOS S.A.;18;0;3;64652538;14.113000;0;0.000000;64652538;14.113000;2020-12-18
09.054.385/0001-44;2020-01-01;5;103235;INBRANDS S.A.;12;3;0;126253;0.907000;0;0.000000;126253;0.907000;2019-10-30
09.074.183/0001-64;2020-01-01;1;94994;TRANSBRASILIANA CONCESSIONÁRIA DE RODOVIA S.A;0;1;0;428071225;100.000000;0;0.000000;428071225;100.000000;2018-04-27
09.083.175/0001-84;2020-01-01;6;103760;MOSAICO TECNOLOGIA AO CONSUMIDOR S.A.;13;1;0;55594460;43.800000;0;0.000000;55594460;43.800000;2021-01-12
09.095.183/0001-40;2020-01-01;4;104549;ENERGISA PARAÍBA - DISTRIBUIDORA DE ENERGIA S/A;0;1;0;0;100.000000;0;0.000000;0;100.000000;2020-04-29
09.112.685/0001-32;2020-01-01;9;103785;OSX BRASIL S.A. - EM RECUPERAÇÃO JUDICIAL;2803;28;32;1062294;33.990000;0;0.000000;1062294;33.990000;2016-05-09
09.114.805/0001-30;2020-01-01;5;103577;OCEANPACT SERVIÇOS MARITIMOS S.A.;28;0;1;95964126;47.991768;0;0.000000;95964126;47.991768;2021-01-19
09.116.278/0001-01;2020-01-01;1;95175;CONPEL CIA NORDESTINA PAPEL - EM RECUPERAÇÃO JUDICIAL;0;1;0;14048567;77.520000;4073532;24.800000;18122099;100.000000;2013-04-29
09.146.451/0001-06;2020-01-01;1;95706;KALLAS INCORPORAÇÕES E CONSTRUÇÕES S.A.;3;1;0;83260;100.000000;0;0.000000;83260;100.000000;2020-07-27
09.149.503/0001-06;2020-01-01;21;104840;SERENA GERAÇÃO S.A.;6332;86;663;122415461;62.384542;0;0.000000;122415461;62.384542;2020-11-09
09.257.877/0001-37;2020-01-01;2;97970;FERROVIA NORTE SUL S/A;0;1;0;0;0.000000;0;0.000000;0;0.000000;2019-04-30
09.288.252/0001-32;2020-01-01;13;104575;ANIMA HOLDING S.A.;12423;448;447;288432555;71.417389;0;0.000000;288432555;71.417389;2021-02-18
09.295.063/0001-97;2020-01-01;7;103753;TECHNOS S.A.;11570;50;55;64903072;82.672527;0;0.000000;64903072;82.672527;2020-07-31
09.304.427/0001-58;2020-01-01;1;95326;HABITASEC SECURITIZADORA SA;3;0;0;900000;100.000000;0;0.000000;900000;100.000000;2020-04-30
09.305.994/0001-29;2020-01-01;23;104561;AZUL S.A.;189318;1455;56;306558420;33.000000;327429382;98.165189;633987802;50.216281;2020-08-10
09.313.969/0001-97;2020-01-01;3;102713;AUTOPISTA LITORAL SUL;0;1;0;0;100.000000;0;0.000000;0;100.000000;2019-04-01
09.324.949/0001-11;2020-01-01;4;102942;AUTOPISTA FLUMINENSE SA;0;1;0;0;0.000000;0;0.000000;0;0.000000;2014-04-16
09.325.109/0001-73;2020-01-01;2;102714;AUTOPISTA PLANALTO SUL SA;0;1;0;0;0.000000;0;0.000000;0;99.999999;2014-04-17
09.326.342/0001-70;2020-01-01;2;102790;AUTOPISTA FERNÃO DIAS SA;0;1;0;0;0.000000;0;0.000000;0;0.000000;2016-05-05
09.336.431/0001-06;2020-01-01;3;102686;AUTOPISTA REGIS BITTENCOURT SA;0;1;0;0;0.000000;0;0.000000;0;0.000000;2014-04-17
09.346.601/0001-25;2020-01-01;11;103927;B3 S.A. - BRASIL, BOLSA, BALCÃO;247957;3591;1629;6079530858;99.241444;0;0.000000;6079530858;99.241444;2021-05-10
09.347.516/0001-81;2020-01-01;7;102771;ELETROMIDIA S.A.;8;3;0;50909200;36.871600;0;0.000000;50909200;36.871600;2021-02-11
09.391.823/0001-60;2020-01-01;10;103379;SANTO ANTONIO ENERGIA S.A.;0;1;0;0;0.000000;0;0.000000;0;0.000000;2019-04-30
09.414.761/0001-64;2020-01-01;2;96544;K-INFRA RODOVIA DO AÇO S.A.;0;1;0;0;0.000000;0;0.000000;0;0.000000;2018-11-23
09.439.783/0001-89;2020-01-01;1;93576;ÁQUILLA SECURITIZADORA S.A.;2;0;0;1102000;100.000000;0;0.000000;1102000;100.000000;2017-04-27
09.611.768/0001-76;2020-01-01;7;110997;INC EMPREENDIMENTOS IMOBILIÁRIOS S.A.;5;0;0;0;0.000000;0;0.000000;0;0.000000;2020-06-09
09.625.321/0001-56;2020-01-01;4;97550;NORTE BRASIL TRANSMISSORA DE ENERGIA S.A.;0;2;0;0;0.000000;0;0.000000;0;0.000000;2020-06-10
09.813.204/0001-16;2020-01-01;1;96834;W2W E-COMMERCE DE VINHOS S.A.;6;2;0;0;0.000000;0;0.000000;0;0.000000;2020-09-21
10.139.870/0001-08;2020-01-01;5;103758;NEOGRID PARTICIPAÇÕES S.A.;18;1;0;108100000;45.294000;0;0.000000;108100000;45.294000;2020-10-19
10.215.988/0001-60;2020-01-01;8;103602;COMPANHIA DE LOCAÇÃO DAS AMÉRICAS;32189;952;509;323763077;63.641510;0;0.000000;323763077;63.641510;2020-06-24
10.234.027/0001-00;2020-01-01;1;94045;LINHAS DE MACAPÁ TRANSMISSORA DE ENERGIA S/A;0;2;0;0;0.000000;0;0.000000;0;0.000000;2018-05-08
10.240.186/0001-00;2020-01-01;4;102707;LINHAS DE XINGU TRANSMISSORA DE ENERGIA S/A;0;2;0;0;0.000000;0;0.000000;0;0.000000;2018-05-08
10.285.590/0001-08;2020-01-01;14;104694;GRUPO DE MODA SOMA S.A.;6143;25;243;183851421;37.860000;0;0.000000;183851421;37.860000;2021-03-11
10.324.624/0001-18;2020-01-01;13;103496;CONCESSÃO METROVIÁRIA DO RIO DE JANEIRO S.A.;0;1;0;0;0.000000;0;0.000000;0;0.000000;2021-02-22
10.338.320/0001-00;2020-01-01;7;102917;AFLUENTE TRANSMISSÃO DE ENERGIA ELÉTRICA S/A;1986;276;3;862287;100.000000;0;0.000000;862287;100.000000;2019-04-15
10.488.244/0001-19;2020-01-01;1;95400;INFRASEC SECURITIZADORA S.A.;0;2;0;10000;100.000000;0;0.000000;10000;100.000000;2013-12-27
10.502.676/0001-37;2020-01-01;3;102946;TERMELÉTRICA PERNAMBUCO III S.A.;0;1;0;0;0.000000;0;0.000000;0;0.000000;2014-07-14
10.531.501/0001-58;2020-01-01;2;98543;CONC AUTO RAPOSO TAVARES S.A.;0;1;0;3432069431;50.000000;3432069431;50.000000;6864138862;100.000000;2019-11-26
10.571.175/0001-02;2020-01-01;4;102616;URBA DESENVOLVIMENTO URBANO S.A.;7;2;0;0;0.000000;0;0.000000;0;0.000000;2020-08-20
10.608.405/0001-60;2020-01-01;12;99738;BARI SECURITIZADORA S.A.;1;1;0;1350000;100.000000;0;0.000000;1350000;100.000000;2017-03-10
10.629.105/0001-68;2020-01-01;22;103769;PRIO S.A.;50944;359;417;807220415;91.903912;0;0.000000;807220415;91.903912;2020-12-04
10.635.691/0001-53;2020-01-01;1;95391;VIARONDON CONCESSIONÁRIA DE RODOVIA S.A.;0;1;0;249500000;50.000000;249500000;50.000000;499000000;100.000000;2019-04-30
10.647.979/0001-48;2020-01-01;6;104639;CONC ROTA DAS BANDEIRAS S.A.;0;2;0;0;0.000000;0;0.000000;0;0.000000;2021-05-11
10.670.314/0001-55;2020-01-01;1;94624;VIABAHIA CONCESSIONÁRIA DE RODOVIAS SA;0;2;0;0;0.000000;0;0.000000;0;0.000000;2020-04-06
10.753.164/0001-43;2020-01-01;5;99082;ECO SECURITIZADORA DIREITOS CRED AGRONEGÓCIO S.A.;1;0;0;0;0.000000;0;0.000000;0;0.000000;2020-05-06
10.760.260/0001-19;2020-01-01;15;103508;CVC BRASIL OPERADORA E AGÊNCIA DE VIAGENS S.A.;157227;947;118;200891976;99.858194;0;0.000000;200891976;99.858194;2021-04-27
10.807.374/0001-77;2020-01-01;1;97783;BOA SAFRA SEMENTES S.A.;2;0;0;0;0.000000;0;0.000000;0;0.000000;2020-10-14
10.835.932/0001-08;2020-01-01;10;103116;CIA ENERGETICA DE PERNAMBUCO - CELPE;1178;253;9;280143;0.420000;7445048;89.590000;7725191;10.350000;2019-04-15
10.841.050/0001-55;2020-01-01;10;104565;CONC ROD AYRTON SENNA E CARV PINTO S.A.-ECOPISTAS;0;1;0;0;0.000000;0;0.000000;0;0.000000;2020-04-15
10.851.805/0001-00;2020-01-01;4;103604;FLEX GESTÃO DE RELACIONAMENTOS S.A.-EM RECUPERAÇÃO JUDICIAL;0;1;1;0;0.000000;0;0.000000;0;0.000000;2017-08-31
11.257.352/0001-43;2020-01-01;1;93955;BSI CAPITAL SECURITIZADORA S.A.;1;1;0;0;0.000000;0;0.000000;0;0.000000;2014-08-01
11.274.829/0001-07;2020-01-01;4;103821;COMPANHIA PAULISTA DE SECURITIZAÇÃO;0;2;0;0;0.000000;0;0.000000;0;0.000000;2019-04-30
11.284.204/0001-18;2020-01-01;16;103553;YOU INC INCORPORADORA E PARTICIPAÇÃO S.A;3;2;0;7608855;23.544000;0;0.000000;7608855;23.544000;2020-06-09
11.421.994/0001-36;2020-01-01;6;103012;ORIZON VALORIZAÇÃO DE RESÍDUOS S.A.;7;3;1;33918099;47.440000;0;0.000000;33918099;47.440000;2020-08-20
11.669.021/0001-10;2020-01-01;7;103825;ENAUTA PARTICIPAÇÕES S.A.;30183;34;436;75939767;28.570000;0;0.000000;75939767;28.570000;2020-06-24
11.716.471/0001-17;2020-01-01;1;95183;TRX SECURITIZADORA S.A.;2;3;0;150000;100.000000;0;0.000000;150000;100.000000;2019-03-18
11.721.921/0001-60;2020-01-01;8;103968;ALPER CONSULTORIA E CORRETORA DE SEGUROS S.A.;4360;33;66;14408593;94.592416;0;0.000000;14408593;94.592416;2020-10-30
11.725.176/0001-27;2020-01-01;9;103323;BOA VISTA SERVIÇOS S.A.;1509;14;182;522892802;98.930000;0;0.000000;522892802;98.930000;2021-04-26
11.992.680/0001-93;2020-01-01;15;104749;QUALICORP CONSULTORIA E CORRETORA DE SEGUROS S.A.;55831;682;343;283684537;99.883883;0;0.000000;283684537;99.883883;2021-05-07
12.049.631/0001-84;2020-01-01;4;99669;MOURA DUBEUX ENGENHARIA S/A;3892;174;0;57199595;67.365000;0;0.000000;57199595;67.365000;2020-04-30
12.091.809/0001-55;2020-01-01;8;100714;BRAVA ENERGIA S.A.;4225;17;109;106651414;97.400000;0;0.000000;106651414;97.400000;2020-12-11
12.108.897/0001-50;2020-01-01;9;104779;D1000 VAREJO FARMA PARTICIPAÇÕES S.A.;0;1;0;23536205;46.512000;0;0.000000;23536205;46.512000;2020-07-15
12.130.744/0001-00;2020-01-01;5;100899;TRUE SECURITIZADORA S.A.;0;2;0;0;0.000000;0;0.000000;0;0.000000;2018-05-25
12.139.922/0001-63;2020-01-01;1;93612;OCTANTE SECURITIZADORA S.A.;1;1;0;0;0.000000;0;0.000000;0;0.000000;2020-04-30
12.181.987/0001-77;2020-01-01;8;104089;MELNICK DESENVOLVIMENTO IMOBILIÁRIO S.A.;0;2;0;76214700;36.647000;0;0.000000;76214700;36.647000;2020-08-31
12.261.588/0001-16;2020-01-01;1;95214;POLO CAPITAL SECURITIZADORA S.A;3;0;0;0;0.000000;0;0.000000;0;0.000000;2010-05-31
12.300.288/0001-07;2020-01-01;9;104815;NORTE ENERGIA S.A.;0;10;0;0;0.000000;0;0.000000;0;0.000000;2020-06-18
12.320.349/0001-90;2020-01-01;1;94933;ORE  SECURITIZADORA SA;1;1;0;826755;0.000000;0;100.000000;826755;100.000000;2018-07-30
12.489.315/0001-23;2020-01-01;2;99293;FERREIRA GOMES ENERGIA S.A.;0;2;0;0;0.000000;0;0.000000;0;0.000000;2020-04-24
12.528.708/0001-07;2020-01-01;10;103623;AERIS IND. E COM. DE EQUIP. PARA GER. DE ENG. S.A.;87809;244;273;218058827;28.459279;0;0.000000;218058827;28.459279;2021-04-01
12.648.266/0001-24;2020-01-01;9;96882;AMBIPAR PARTICIPAÇÕES E EMPREENDIMENTOS S.A.;5466;91;189;43733334;38.723000;0;0.000000;43733334;38.723000;2020-08-26
12.648.327/0001-53;2020-01-01;18;104716;HIDROVIAS DO BRASIL S.A.;0;0;11;325623566;42.823645;0;0.000000;325623566;42.823645;2020-08-31
12.827.269/0001-25;2020-01-01;1;95591;HRH ILHA DO SOL EMPREENDIMENTOS IMOBILIÁRIOS SPE S/A;0;2;0;0;0.000000;0;0.000000;0;0.000000;2018-10-29
12.919.786/0001-24;2020-01-01;3;103806;TCP TERMINAL DE CONTEINERES DE PARANAGUA SA;0;1;0;0;0.000000;0;0.000000;0;0.000000;2020-07-24
12.979.898/0001-70;2020-01-01;4;104816;FORTE SECURITIZADORA S.A.;3;1;0;3007777;100.000000;0;0.000000;3007777;100.000000;2021-04-30
13.009.717/0001-46;2020-01-01;22;103017;BCO ESTADO DE SERGIPE S.A. - BANESE;3167;336;14;485695;6.360000;1063111;13.910000;1548806;10.130000;2020-07-20
13.017.462/0001-63;2020-01-01;2;97252;ENERGISA SERGIPE - DISTRIBUIDORA DE ENERGIA S/A;0;1;0;0;100.000000;0;0.000000;0;100.000000;2020-04-29
13.217.485/0001-11;2020-01-01;10;104632;GRUPO SBF S.A.;56777;273;353;88709474;36.674000;0;0.000000;88709474;36.674000;2020-04-30
13.349.677/0001-81;2020-01-01;1;95427;REIT SECURITIZADORA S/A;2;1;0;0;0.000000;0;0.000000;0;0.000000;2019-04-30
13.444.994/0001-87;2020-01-01;4;102121;MLOG S.A.;51;60;3;1360526;46.910000;0;0.000000;1360526;46.910000;2019-09-12
13.457.942/0001-45;2020-01-01;2;95226;RIVA INCORPORADORA S.A;0;2;0;0;0.000000;0;0.000000;0;0.000000;2020-06-24
13.483.537/0001-00;2020-01-01;2;99279;BRASIL SECURITIZADORA S/A;0;2;0;0;0.000000;0;0.000000;0;0.000000;2011-04-06
13.574.594/0001-96;2020-01-01;22;103639;ZAMP SA;27758;127;378;272245759;98.870664;0;0.000000;272245759;98.870664;2020-11-20
13.584.310/0001-42;2020-01-01;2;95720;SUGOI S.A.;0;1;0;1000000;100.000000;0;100.000000;1000000;100.000000;2020-07-22
14.110.585/0001-07;2020-01-01;7;103579;MÉLIUZ S.A.;3;1;0;74543311;58.958700;0;0.000000;74543311;58.958700;2020-10-05
14.191.427/0001-29;2020-01-01;9;108785;GRANBIO INVESTIMENTOS S.A.;0;2;0;15094340;13.960000;0;0.000000;15094340;13.960000;2020-03-17
14.308.514/0001-13;2020-01-01;1;94471;PARTICIPAÇÕES INDUST. DO NORDESTE S.A.;86;10;0;31251;2.480238;7765;2.473875;39016;24.789692;2020-04-29
14.333.683/0001-03;2020-01-01;1;95003;FONTAINE VILLE PARTICIPAÇÕES S/A;0;1;0;0;0.000000;0;0.000000;0;0.000000;2018-03-02
14.388.334/0001-99;2020-01-01;5;102621;PARANA BCO S.A.;19;1;0;0;0.000000;0;0.000000;0;0.000000;2020-07-17
14.776.142/0001-50;2020-01-01;7;103041;WESTWING COMÉRCIO VAREJISTA S.A.;2;2;0;79438948;72.562358;0;0.000000;79438948;72.562358;2020-11-23
14.785.152/0001-51;2020-01-01;8;100575;HBR REALTY EMPREENDIMENTOS IMOBILIÁRIOS S.A.;1;2;3;24540000;23.780000;0;0.000000;24540000;23.780000;2020-08-26
14.807.945/0001-24;2020-01-01;10;103173;SANSUY S.A. INDUSTRIA DE PLASTICOS;784;56;0;2657920;34.450000;5058480;65.550000;7716400;100.000000;2020-07-27
14.876.090/0001-93;2020-01-01;3;133636;GAIA IMPACTO SECURITIZADORA S.A.;1;1;0;0;0.000000;0;0.000000;0;0.000000;2016-07-13
14.882.295/0001-81;2020-01-01;2;95781;CBO HOLDING S.A.;0;3;0;26171916;20.000000;0;0.000000;26171916;20.000000;2020-08-03
14.998.371/0001-19;2020-01-01;6;102981;J. MACEDO S.A.;30;6;0;10674856;100.000000;8692854;100.000000;19367710;100.000000;2019-12-30
15.073.274/0001-88;2020-01-01;3;103615;PPLA PARTICIPATIONS LTD.;0;0;8;0;0.000000;2814666;100.000000;2814666;100.000000;2020-03-18
15.101.405/0001-93;2020-01-01;2;94136;CORREA RIBEIRO S.A. COMERCIO E INDUSTRIA;276;19;2;2106;26.950000;14716;95.940000;16822;72.660000;2019-04-25
15.115.504/0001-24;2020-01-01;3;100130;TRONOX PIGMENTOS DO BRASIL S.A.;4127;174;50;10158398;35.000000;18860349;65.000000;29018747;100.000000;2020-04-29
15.139.629/0001-94;2020-01-01;8;102913;CIA ELETRICIDADE EST. DA BAHIA - COELBA;2224;301;15;2453175;0.883242;324289;0.116757;2777464;1.059712;2018-03-29
15.141.799/0001-03;2020-01-01;6;104757;CIA FERRO LIGAS DA BAHIA - FERBASA;20483;297;51;312688;1.062119;40145300;68.181556;40457988;45.808410;2020-07-28
15.144.017/0001-90;2020-01-01;3;104813;CIA SEGUROS ALIANCA DA BAHIA;888;23;3;2388513;62.200000;1365595;35.560000;3754108;48.880000;2020-03-31
15.229.110/0001-05;2020-01-01;1;93834;CAPITALE SECURITIZADORA DE CRÉDITO S/A;2;0;0;0;0.000000;0;0.000000;0;0.000000;2012-07-03
15.377.572/0001-61;2020-01-01;2;109323;NASA SECURITIZADORA S.A.;1;1;0;0;0.000000;0;0.000000;0;0.000000;2015-06-09
15.413.826/0001-50;2020-01-01;3;99328;ENERGISA MATO GROSSO DO SUL - DIST DE ENERGIA S.A.;1;2;0;421;0.070000;0;0.000000;421;0.070000;2020-04-29
15.484.093/0001-44;2020-01-01;12;104764;ECO101 CONCESSIONÁRIA DE RODOVIAS S.A.;0;1;0;0;0.000000;0;0.000000;0;0.000000;2020-04-15
15.494.541/0001-90;2020-01-01;4;104048;SALUS INFRAESTRUTURA PORTUARIA SA;0;2;0;4200;100.000000;0;0.000000;4200;100.000000;2017-04-28
15.527.906/0001-36;2020-03-31;6;97198;BIOSEV S.A.;2219;35;25;61163399;5.993888;0;0.000000;61163399;5.993888;2019-07-31
15.578.569/0001-06;2020-01-01;12;104693;CONC DO AEROPORTO INTERNACIONAL DE GUARULHOS S.A.;0;2;0;3033541675;100.000000;0;0.000000;3033541675;100.000000;2017-12-07
15.675.715/0001-11;2020-01-01;2;98292;HOUSI S.A.;0;1;0;0;0.000000;0;0.000000;0;0.000000;2020-08-19
15.688.041/0001-90;2020-01-01;1;95198;MBK SECURITIZADORA SA;1;1;0;180000;100.000000;0;0.000000;180000;100.000000;2016-04-30
16.233.389/0001-55;2020-01-01;4;102842;CVLB BRASIL S.A;8;2;0;0;0.000000;0;0.000000;0;0.000000;2020-12-18
16.234.171/0001-15;2020-01-01;4;99468;METANOR SA METANOL DO NE;115;135;250;98693100;33.330000;197386202;66.670000;296079302;100.000000;2008-09-04
16.404.287/0001-55;2020-01-01;12;104701;SUZANO S.A.;66270;618;1538;724921241;53.250000;0;0.000000;724921241;53.250000;2020-05-22
16.590.234/0001-76;2020-01-01;13;104601;AZZAS 2154 S.A.;30457;86;248;45095471;49.580373;0;0.000000;45095471;49.580373;2020-06-10
16.614.075/0001-00;2020-01-01;8;104609;DIRECIONAL ENGENHARIA S.A.;32833;256;271;75391676;50.261117;0;0.000000;75391676;50.261117;2021-04-29
16.670.085/0001-55;2020-01-01;6;99490;LOCALIZA RENT A CAR S.A.;35748;1253;924;592069308;78.061348;0;0.000000;592069308;78.061348;2020-11-12
16.811.931/0001-00;2020-01-01;10;104628;ALPHAVILLE S.A.;353;6;46;4618950;20.605000;0;0.000000;4618950;20.605000;2021-04-29
16.922.038/0001-51;2020-01-01;16;104942;ENJOEI S.A.;19433;400;400;158821493;79.630527;0;0.000000;158821493;79.630527;2021-05-12
17.155.730/0001-64;2020-01-01;15;104644;CIA ENERGETICA DE MINAS GERAIS - CEMIG;201266;2118;1724;277516331;49.030000;1114214662;98.840000;1391730993;82.190000;2021-04-30
17.161.241/0001-15;2020-01-01;1;92788;MINASMAQUINAS S.A.;983;173;0;1603;7.150000;3879;17.300000;5482;12.220000;2020-04-27
17.162.082/0001-73;2020-01-01;1;95343;MENDES JUNIOR ENGENHARIA S.A.;3531;41;21;17673;0.171426;313613;3.042014;331286;3.213440;2019-04-30
17.167.396/0001-69;2020-01-01;3;102666;ALFA HOLDINGS S.A.;11934;1458;6;3211758;6.980317;17690552;46.746730;20902310;24.683219;2020-04-24
17.167.412/0001-13;2020-01-01;7;102648;FINANCEIRA ALFA S.A.- CRED FINANC E INVS;4007;360;17;5959590;10.143354;19006438;42.994875;24966028;24.252388;2020-04-24
17.184.037/0001-10;2020-01-01;24;104795;BCO MERCANTIL DO BRASIL S.A.;7078;725;22;10948799;33.608085;14333243;72.251750;25282042;48.233637;2020-01-31
17.193.806/0001-46;2020-01-01;3;102656;CONSORCIO ALFA DE ADMINISTRACAO S.A.;15072;1490;8;3841009;9.508641;11214621;33.726607;15055630;20.443134;2020-04-24
17.234.244/0001-31;2020-01-01;3;102407;FTL - FERROVIA TRANSNORDESTINA LOGÍSTICA S.A.;0;2;0;526737844;100.000000;0;0.000000;526737844;100.000000;2019-11-13
17.245.234/0001-00;2020-01-01;5;103469;CIA FIACAO TECIDOS CEDRO CACHOEIRA;2237;28;4;2019831;35.390000;3456367;80.510000;5476198;54.760000;2020-07-31
17.281.106/0001-03;2020-01-01;10;103787;CIA SANEAMENTO DE MINAS GERAIS-COPASA MG;13632;765;89;188444559;49.557669;0;0.000000;188444559;49.557669;2020-04-29
17.314.329/0001-20;2020-01-01;29;104652;INTERNATIONAL MEAL COMPANY ALIMENTACAO S.A.;49856;196;241;264441032;92.342587;0;0.000000;264441032;92.342587;2020-08-06
17.344.597/0001-94;2020-01-01;14;103351;BB SEGURIDADE PARTICIPAÇÕES S.A.;127446;2237;1330;671584841;33.579000;0;0.000000;671584841;33.579000;2020-04-22
17.346.997/0001-39;2020-01-01;4;99537;COSAN LOGISTICA S.A.;11947;236;2;122209783;26.382424;0;0.000000;122209783;26.382424;2020-07-29
18.328.118/0001-09;2020-01-01;11;100781;PET CENTER COMÉRCIO E PARTICIPAÇÕES S.A.;1;1;1;261956811;66.488000;0;0.000000;261956811;66.488000;2020-08-18
18.494.485/0001-82;2020-01-01;5;103122;PORTO SUDESTE V.M. S.A.;0;1;0;0;0.000000;0;0.000000;0;0.000000;2019-04-29
18.572.225/0001-88;2020-01-01;1;95219;CONCEBRA - CONCESSIONARIA DAS RODOVIAS CENTRAIS DO BRASIL;0;1;0;380000000;100.000000;0;0.000000;380000000;100.000000;2018-09-27
18.593.815/0001-97;2020-01-01;11;103747;PRINER SERVIÇOS INDUSTRIAIS S.A.;18933;169;47;38091055;98.350000;0;0.000000;38091055;98.350000;2021-04-30
19.133.012/0001-12;2020-01-01;1;95318;RENOVA COMPANHIA SECURITIZADORA DE CRÉDITOS FINANCEIROS S.A.;1;1;0;0;0.000000;0;0.000000;0;0.000000;2017-04-28
19.208.022/0001-70;2020-01-01;9;104867;ECO050 CONCESSIONÁRIA DE RODOVIAS S.A.;0;1;0;0;0.000000;0;0.000000;0;0.000000;2020-04-15
19.276.528/0001-16;2020-01-01;2;98991;BCBF PARTICIPAÇÕES S.A.;0;1;0;0;0.000000;0;0.000000;0;0.000000;2020-05-22
19.296.342/0001-29;2020-01-01;4;103462;MGI - MINAS GERAIS PARTICIPAÇÕES S.A.;0;3;0;0;0.000000;0;0.000000;0;0.000000;2019-09-11
19.378.769/0001-76;2020-01-01;9;104594;INSTITUTO HERMES PARDINI S.A.;5595;49;250;43661030;33.334000;0;0.000000;43661030;33.334000;2020-04-28
19.521.322/0001-04;2020-01-01;3;104183;CONCESSIONÁRIA ROTA DO OESTE S.A.;0;1;0;0;0.000000;0;0.000000;0;0.000000;2017-09-01
19.526.748/0001-50;2020-01-01;5;102858;COMPANHIA INDUSTRIAL CATAGUASES;152;6;0;44070;30.562100;217;19.567200;44287;30.478200;2020-06-17
19.527.586/0001-75;2020-01-01;1;95489;COMPANHIA ENERGÉTICA SINOP S/A;0;3;0;0;0.000000;0;0.000000;0;0.000000;2020-07-15
19.527.639/0001-58;2020-01-01;3;99030;ENERGISA MINAS RIO - DISTRIBUIDORA DE ENERGIA S/A;0;1;0;0;0.000000;0;0.000000;0;0.000000;2020-04-29
19.642.306/0001-70;2020-01-01;2;102879;CONCESSIONÁRIA DE RODOVIA SUL-MATOGROSSENSE S.A.;0;1;0;0;0.000000;0;0.000000;0;0.000000;2020-04-07
19.688.956/0001-56;2020-01-01;1;94294;BIOTOSCANA INVESTMENTS S.A.;3144;28;77;51585097;48.381149;0;0.000000;51585097;48.381149;2019-11-25
19.726.048/0001-00;2020-01-01;11;103270;CONCESSIONÁRIA BR-040 S.A.;0;1;0;0;0.000000;0;0.000000;0;0.000000;2020-04-30
19.851.496/0001-35;2020-01-01;1;95337;LOGOS COMPANHIA SECURITIZADORA S/A;1;1;0;0;0.000000;0;0.000000;0;0.000000;2014-03-25
19.853.511/0001-84;2020-01-01;13;103447;NOTRE DAME INTERMÉDICA PARTICIPAÇÕES S.A.;18417;1800;0;593631391;96.487442;0;0.000000;593631391;96.487442;2020-03-25
20.247.322/0001-47;2020-01-01;6;100615;ALLIED TECNOLOGIA S.A.;3;0;2;0;0.000000;0;0.000000;0;0.000000;2020-11-09
20.258.278/0001-70;2020-01-01;5;97620;OUROFINO S.A.;3331;111;10;23582833;43.710000;0;0.000000;23582833;43.710000;2019-03-29
20.451.953/0001-83;2020-01-01;2;93806;BLUM COMPANHIA DE SECURITIZAÇÃO DE CRÉDITOS S.A;0;1;0;501000;100.000000;0;0.000000;501000;100.000000;2019-12-16
20.646.442/0001-17;2020-01-01;1;95319;GAIA CRED SECURITIZADORA DE CRÉDITOS FINANCEIROS S/A.;1;1;0;0;0.000000;0;0.000000;0;0.000000;2020-07-30
21.240.146/0001-84;2020-01-01;3;102829;AGROGALAXY PARTICIPAÇÕES S.A. - EM RECUPERAÇÃO JUDICIAL;17;3;8;0;0.000000;0;0.000000;0;0.000000;2021-04-01
21.254.073/0001-80;2020-01-01;1;95231;COMPANHIA ITAUNENSE ENERGIA E PARTICIPAÇÕES;800;5;0;9116000;100.000000;0;0.000000;9116000;100.000000;2018-03-27
21.255.567/0001-89;2020-01-01;3;103475;CIA TECIDOS SANTANENSE EM RECUPERAÇÃO JUDICIAL;6100;1;1;3339951;8.780000;18622004;26.640000;21961955;19.730000;2021-04-30
21.262.638/0001-70;2020-01-01;1;95195;ENCALSO PARTICIPAÇÕES EM CONCESSÕES S/A;0;4;0;0;0.000000;0;0.000000;0;0.000000;2019-12-03
21.314.559/0001-66;2020-01-01;12;105018;MOVIDA PARTICIPACOES SA;73096;983;462;132113940;44.200000;0;0.000000;132113940;44.200000;2020-04-30
21.389.501/0001-81;2020-01-01;5;100259;COMPASS GÁS E ENERGIA S.A.;2;1;0;0;0.000000;0;0.000000;0;0.000000;2020-07-30
21.414.457/0001-12;2020-01-01;2;97858;LEADS CIA. SECURITIZADORA;1;1;0;0;0.000000;0;0.000000;0;0.000000;2014-10-15
21.610.416/0001-00;2020-01-01;1;93767;FORTUNATO SECURITIZADORA S/A;2;0;0;0;0.000000;0;0.000000;0;0.000000;2014-10-29
21.948.105/0001-47;2020-01-01;1;94581;BTGI QUARTZO PARTICIPAÇÕES S/A;0;1;1;0;0.000000;0;0.000000;0;0.000000;2018-06-01
21.976.484/0001-89;2020-01-01;1;95378;RUGE SECURITIZADORA DE CRÉDITOS FINANCEIROS S.A.;1;1;0;0;0.000000;0;0.000000;0;0.000000;2019-02-19
21.976.510/0001-79;2020-01-01;1;94582;BTGI SAFIRA PARTICIPAÇÕES S/A;0;1;1;0;0.000000;0;0.000000;0;0.000000;2018-06-01
22.163.297/0001-49;2020-01-01;8;104769;CONCESSIONÁRIA PONTE RIO-NITERÓI S.A. - ECOPONTE;0;1;0;0;0.000000;0;0.000000;0;0.000000;2020-04-15
22.261.473/0001-85;2020-01-01;3;105122;COMPANHIA DE GÁS DE MINAS GERAIS - GASMIG;18;2;0;1759962;0.860080;0;0.000000;1759962;0.043003;2020-04-30
22.266.175/0001-88;2020-01-01;3;104568;FERTILIZANTES HERINGER S.A.;1829;51;0;15626962;29.015504;0;0.000000;15626962;29.015504;2018-04-26
22.495.265/0001-40;2020-01-01;2;98023;SENECA COMPANHIA SECURITIZADORA;2;0;0;0;0.000000;0;0.000000;0;0.000000;2015-04-15
22.543.331/0001-00;2020-01-01;10;99830;CAIXA SEGURIDADE PARTICIPAÇÕES S.A.;0;1;0;0;0.000000;0;0.000000;0;0.000000;2020-09-15
22.677.520/0001-76;2020-01-01;3;103428;CIA TECIDOS NORTE DE MINAS COTEMINAS;2454;1501;2;729885;5.246140;14560262;87.063864;15290147;49.908339;2021-04-30
22.983.283/0001-71;2020-01-01;1;95340;COMPANHIA CARIOCA DE SECURITIZAÇÃO S.A. - RIO SECURITIZAÇÃO;0;2;0;2243000;100.000000;0;0.000000;2243000;100.000000;2019-04-30
23.096.269/0001-19;2020-01-01;2;100622;RIO PARANA ENERGIA S.A.;0;2;0;2338108737;33.330000;0;0.000000;2338108737;33.330000;2020-07-29
23.236.821/0001-27;2020-01-01;4;100515;PATRIMAR ENGENHARIA S.A.;4;1;0;0;0.000000;0;0.000000;0;0.000000;2020-10-05
23.373.000/0001-32;2020-01-01;15;104879;VAMOS LOCAÇÃO DE CAMINHÕES, MÁQUINAS E EQUIPAMENTOS S.A.;0;2;0;45620437;20.020000;0;0.000000;45620437;20.020000;2020-08-05
23.438.929/0001-00;2020-01-01;4;99719;ALARES INTERNET PARTICIPAÇÕES S/A;10;1;1;0;0.000000;0;0.000000;0;0.000000;2020-09-15
24.230.275/0001-80;2020-01-01;4;99214;PLANO & PLANO DESENVOLVIMENTO IMOBILIÁRIO S.A.;3031;99;0;73404500;35.940000;0;0.000000;73404500;35.940000;2020-09-17
24.241.659/0001-06;2020-01-01;2;107940;VENTURE CAPITAL PARTICIPAÇÕES E INVESTIMENTOS S/A;3;0;0;0;0.000000;0;0.000000;0;0.000000;2021-04-27
24.396.489/0001-20;2020-01-01;7;103617;BRK AMBIENTAL PARTICIPAÇÕES S.A.;0;2;2;793889719;30.000000;0;0.000000;793889719;30.000000;2020-09-30
24.624.490/0001-65;2020-01-01;5;103596;ARGO TRANSMISSÃO DE ENERGIA S/A;0;1;0;500000000;100.000000;0;0.000000;500000000;100.000000;2018-03-01
24.624.551/0001-94;2020-01-01;5;103584;ARGO ENERGIA EMPREENDIMENTOS E PARTICIPAÇÕES S/A;0;2;1;0;0.000000;0;0.000000;0;0.000000;2019-02-27
24.962.466/0001-36;2020-01-01;2;99637;RUMO MALHA NORTE S.A.;1;5;0;1107698070;93.129860;81714293;6.870140;1189412363;100.000000;2019-04-25
24.990.777/0001-09;2020-01-01;5;103822;GRUPO MATEUS S.A.;4;0;0;463952163;21.000000;0;0.000000;463952163;21.000000;2020-11-12
25.005.683/0001-09;2020-01-01;4;100758;VERT COMPANHIA SECURITIZADORA;2;1;0;0;0.000000;0;0.000000;0;0.000000;2018-10-05
25.089.509/0001-83;2020-01-01;8;103668;COMPANHIA DE SANEAMENTO DO TOCANTINS - SANEATINS;0;2;0;0;0.000000;0;0.000000;0;0.000000;2019-04-29
26.462.693/0001-28;2020-01-01;7;102247;LAVVI EMPREENDIMENTOS IMOBILIÁRIOS S.A.;28148713;93452280;93027659;93139429;43.396000;0;0.000000;93139429;43.396000;2020-08-31
26.609.050/0001-64;2020-01-01;2;97406;TRAVESSIA SECURITIZADORA S.A.;1;1;0;0;0.000000;0;0.000000;0;0.000000;2019-04-29
26.659.061/0001-59;2020-01-01;8;104780;MPM CORPÓREOS S.A.;14141;477;477;161552357;66.146123;0;0.000000;161552357;66.146123;2021-03-02
26.664.057/0001-89;2020-01-01;1;94974;ENTREVIAS CONCESSIONÁRIA DE RODOVIAS S.A.;0;1;0;580628065;100.000000;0;0.000000;580628065;100.000000;2018-03-08
26.735.020/0001-02;2020-01-01;9;103551;FOCUS ENERGIA HOLDING PARTICIPAÇÕES S.A.;5733;35;106;42908126;47.859000;0;0.000000;42908126;47.859000;2021-04-30
26.845.702/0001-60;2020-01-01;5;103650;BELÉM TRANSMISSORA DE ENERGIA S.A;0;1;0;0;0.000000;0;0.000000;0;0.000000;2018-02-01
27.093.558/0001-15;2020-01-01;14;104869;MILLS LOCAÇÃO, SERVIÇOS E LOGÍSTICA S.A.;18087;148;185;115101789;45.683247;0;0.000000;115101789;45.683247;2021-04-29
27.137.879/0001-74;2020-01-01;1;95360;CIA SEC DE CRÉDITOS FINANCEIROS CARTÕES CONSIGNADOS I;2;1;0;0;0.000000;0;0.000000;0;0.000000;2017-02-03
27.157.474/0001-06;2020-01-01;4;102965;ÁGUAS DE TERESINA SANEAMENTO SPE S.A.;0;1;0;0;0.000000;0;0.000000;0;0.000000;2021-01-08
27.956.690/0001-03;2020-01-01;1;93923;AUZZA SECURITIZADORA S. A.;3;1;0;0;0.000000;0;0.000000;0;0.000000;2020-06-01
27.967.244/0001-02;2020-01-01;5;103653;TAPAJÓS TRANSMISSORA DE ENERGIA S.A.;0;1;0;0;0.000000;0;0.000000;0;0.000000;2018-01-31
28.019.100/0001-89;2020-01-01;3;102623;VIAPAULISTA S.A.;0;1;0;0;0.000000;0;0.000000;0;0.000000;2019-03-11
28.127.603/0001-78;2020-01-01;16;104754;BANESTES S.A. - BCO EST ESPIRITO SANTO;21034;55;9;12448231;5.381174;2198100;2.598731;14646331;4.636193;2021-04-30
28.152.650/0001-71;2020-01-01;5;100980;EDP ESPIRITO SANTO DISTRIBUIÇÃO DE ENERGIA S.A.;0;1;0;5876012;100.000000;0;0.000000;5876012;100.000000;2020-04-30
28.195.667/0001-06;2020-01-01;17;104596;BCO ABC BRASIL S.A.;55327;523;251;0;0.000000;69570626;61.761149;69570626;30.771193;2021-04-30
28.201.130/0001-01;2020-01-01;3;103028;ENERGISA TRANSMISSÃO DE ENERGIA S/A;0;2;0;32706674;100.000000;0;0.000000;32706674;100.000000;2020-04-28
28.442.718/0001-57;2020-01-01;2;102982;RIOLOAN 2 COMPANHIA SECURITIZADORA DE CRÉDITOS FINANCEIROS;0;1;0;0;0.000000;0;0.000000;0;0.000000;2021-04-09
28.925.264/0001-75;2020-01-01;2;98823;COMPANHIA ENERGÉTICA JAGUARA;0;2;0;0;0.000000;0;0.000000;0;0.000000;2019-04-29
28.942.127/0001-49;2020-01-01;3;98825;COMPANHIA ENERGÉTICA MIRANDA;0;2;0;0;0.000000;0;0.000000;0;0.000000;2019-04-29
29.088.092/0001-95;2020-01-01;2;93989;ROMAXIS SECURITIZADORA S.A.;1;1;0;0;0.000000;0;0.000000;0;0.000000;2020-05-13
29.780.061/0001-09;2020-01-01;6;103681;SAO CARLOS EMPREEND E PARTICIPACOES S.A.;4786;274;55;22777352;39.450000;0;0.000000;22777352;39.450000;2020-04-30
29.845.329/0001-35;2020-01-01;1;94064;COPISEC SECURITIZADORA DE CRÉDITOS FINANCEIROS S.A.;1;1;0;0;0.000000;0;0.000000;0;0.000000;2018-11-13
29.894.663/0001-89;2020-01-01;1;95420;CONSIGNADOS I COMPANHIA SECURITIZADORA CRÉDITOS FINANCEIROS;0;2;0;0;0.000000;0;0.000000;0;0.000000;2018-05-25
29.950.060/0001-57;2020-01-01;2;104563;NORTEC QUÍMICA S.A.;3;1;0;0;0.000000;0;0.000000;0;0.000000;2020-04-28
29.978.814/0001-87;2020-01-01;9;104574;SUL AMERICA S.A.;67533;344;1203;284566116;44.439741;569132283;89.318766;853698399;66.823938;2021-03-29
30.219.233/0001-40;2020-01-01;1;95504;COMPANHIA SECURITIZADORA DE CRÉDITOS FINANCEIROS VERT-REBEL;0;2;0;0;0.000000;0;0.000000;0;0.000000;2018-04-04
30.306.294/0001-45;2020-01-01;17;103140;BCO BTG PACTUAL S.A.;70579;2255;693;263605732;14.770000;527319195;52.110000;790924927;28.280000;2020-08-26
30.418.658/0001-89;2020-01-01;1;95530;COMPANHIA SECURITIZADORA DE CRÉD. FINANCEIROS VERT-NEXOOS;0;2;0;0;0.000000;0;0.000000;0;0.000000;2018-04-05
30.540.991/0001-66;2020-01-01;3;94650;HAGA S.A. INDUSTRIA E COMERCIO;3096;23;0;1081936;27.275695;7931437;99.976100;9013373;75.742630;2020-06-15
30.545.324/0001-76;2020-01-01;2;97908;COMPANHIA SECURITIZADORA DE CRÉDITOS FINANCEIROS VERT-RECARG;0;2;0;0;0.000000;0;0.000000;0;0.000000;2020-07-13
30.702.767/0001-23;2020-01-01;1;93393;RHC SECURITIZADORA DE CRÉDITOS S/A;2;0;0;0;0.000000;0;0.000000;0;0.000000;2018-01-02
30.788.149/0001-48;2020-01-01;1;93276;GUARDIAN COMPANHIA SECURITIZADORA;3;0;0;0;0.000000;0;0.000000;0;0.000000;2020-04-30
31.001.230/0001-07;2020-01-01;1;95287;CELEO REDES TRANSMISSÃO DE ENERGIA S.A.;0;1;0;0;0.000000;0;0.000000;0;0.000000;2018-12-26
31.468.139/0001-98;2020-01-01;1;95084;CASA DE PEDRA SECURITIZADORA DE CREDITO S/A;1;1;0;0;0.000000;0;0.000000;0;0.000000;2020-06-04
31.553.627/0001-01;2020-01-01;6;103536;GRUPO TOKY S.A.;4296;126;45;44444445;41.740000;0;0.000000;44444445;41.740000;2021-03-01
31.594.055/0001-09;2020-01-01;1;94062;CONTAGEM SECURITIZADORA DE CRÉDITOS S.A.;1;1;0;0;0.000000;0;0.000000;0;0.000000;2018-09-12
31.907.982/0001-23;2020-01-01;1;93840;FILADÉLFIA SECURITIZADORA S/A;2;0;0;0;0.000000;0;0.000000;0;0.000000;2020-06-02
32.161.500/0001-00;2020-01-01;3;102908;CONCESSIONÁRIA DAS RODOVIAS INTEGRADAS DO SUL S.A.;0;1;0;0;0.000000;0;0.000000;0;0.000000;2020-04-23
32.372.085/0001-25;2020-01-01;2;98512;COBUCCIO SECURITIZADORA DE CRÉDITOS S.A.;2;0;0;0;0.000000;0;0.000000;0;0.000000;2018-11-14
32.681.371/0001-72;2020-01-01;6;103460;VIX LOGÍSTICA S.A.;1;2;1;0;0.000000;0;0.000000;0;0.000000;2019-04-30
32.770.457/0001-71;2020-01-01;2;95301;CIA. SECURITIZADORA DE CREDITOS FINANCEIROS VERT-GYRA;0;2;0;0;0.000000;0;0.000000;0;0.000000;2019-01-29
32.785.497/0001-97;2020-01-01;11;121233;NATURA &CO HOLDING S.A.;43620;318;1468;842192420;61.177000;0;0.000000;842192420;61.177000;2020-08-27
33.000.167/0001-01;2020-01-01;19;104904;PETROLEO BRASILEIRO S.A. PETROBRAS;760785;7212;2712;3684060179;49.500000;4566457037;81.514000;8250517216;63.249000;2020-07-22
33.014.556/0001-96;2020-01-01;18;103797;LOJAS AMERICANAS S.A.;115723;2012;988;245496329;37.235289;843105077;68.768946;1088601406;57.741311;2021-04-30
33.035.536/0001-00;2020-01-01;2;104191;JOAO FORTES ENGENHARIA S.A. - EM RECUPERAÇÃO JUDICIAL;4365;33;2;6557469;6.233100;0;0.000000;6557469;6.233100;2020-07-03
33.040.601/0001-87;2020-01-01;6;103371;MERCANTIL FINANCEIRA S.A. - SOC. CRÉDITO, FINANC E INVESTIME;782;110;1;506850;4.979092;2023621;25.843021;2530471;14.053664;2019-12-31
33.041.260/0652-90;2020-01-01;14;104429;GRUPO CASAS BAHIA S.A.;495369;4709;1685;1595508601;99.884465;0;0.000000;1595508601;99.884465;2021-04-27
33.042.730/0001-04;2020-01-01;16;104635;CIA SIDERURGICA NACIONAL;76281;1437;1437;642398790;46.298000;0;0.000000;642398790;46.298000;2020-04-30
33.050.071/0001-58;2020-01-01;9;103010;AMPLA ENERGIA E SERVICOS S.A.;889;44;6;442934;0.265812;0;0.000000;442934;0.265812;2020-06-30
33.050.196/0001-88;2020-01-01;5;103983;CIA PAULISTA DE FORCA E LUZ;0;1;0;0;0.000000;0;0.000000;0;0.000000;2019-04-29
33.102.476/0001-92;2020-01-01;5;103734;MONTEIRO ARANHA S.A.;262;9;10;270725;2.210000;0;0.000000;270725;2.210000;2021-03-08
33.111.246/0001-90;2020-01-01;1;95312;TECNOSOLO ENGENHARIA S.A. - EMPRESA FALIDA;0;0;0;0;0.000000;0;0.000000;0;0.000000;
33.113.309/0001-47;2020-01-01;12;104615;VALID SOLUÇÕES S.A.;20134;402;76;78582401;95.737822;0;0.000000;78582401;95.737822;2020-04-29
33.200.049/0001-47;2020-01-01;1;95038;HOTEIS OTHON S.A. - EM RECUPERAÇÃO JUDICIAL;776;60;16;193004;1.842007;2369881;30.019416;2562885;13.949639;2020-04-30
33.228.024/0001-51;2020-01-01;3;103599;WLM PART. E COMÉRCIO DE MÁQUINAS E VEÍCULOS S.A.;3678;20;13;810490;4.890949;4690765;23.638858;5501255;15.107249;2020-04-30
33.256.439/0001-39;2020-01-01;8;103055;ULTRAPAR PARTICIPACOES S.A.;33534;805;1483;1085987426;97.391280;0;0.000000;1085987426;97.391280;2021-04-14
33.352.394/0001-04;2020-01-01;14;103300;CIA ESTADUAL DE ÁGUAS E ESGOTOS - CEDAE;691;5;0;2460;0.000400;0;0.000000;2460;0.000400;2014-04-30
33.376.989/0001-91;2020-01-01;15;103842;IRB - BRASIL RESSEGUROS S.A.;289488;1479;1164;1255286531;99.006000;0;0.000000;1255286531;99.006000;2020-07-31
33.386.210/0001-19;2020-01-01;4;105703;SONDOTECNICA ENGENHARIA SOLOS S.A.;2;1;0;20565;2.400000;863346;53.900000;883911;35.960000;2020-04-30
33.412.081/0001-96;2020-01-01;2;97070;REFINARIA DE PETROLEOS MANGUINHOS S.A.;3488;23;8;23634127;34.914401;0;0.000000;23634127;34.914401;2020-07-31
33.467.572/0001-34;2020-01-01;4;103540;TEKNO S.A. - INDUSTRIA E COMERCIO;429;3;8;29134;1.835674;274280;20.157139;303414;10.292861;2020-07-16
33.541.368/0001-16;2020-01-01;4;102698;CIA HIDRO ELÉTRICA DO SÃO FRANCISCO;200;87;18;0;0.000000;34494;1.966799;34494;0.061701;2012-12-28
33.592.510/0001-54;2020-01-01;26;104585;VALE S.A.;201979;2259;1921;5130801424;97.090000;0;0.000000;5130801424;97.090000;2020-04-30
33.611.500/0001-19;2020-01-01;11;104022;GERDAU S.A.;106294;3049;656;14031044;1.390000;995903643;98.610000;1009934687;58.730000;2019-12-10
33.679.797/0001-54;2020-01-01;1;93947;PJBANK SECURITIZADORA S.A.;0;1;0;0;0.000000;0;0.000000;0;0.000000;2019-12-12
33.839.910/0001-11;2020-01-01;11;104784;VIVARA PARTICIPAÇÕES S.A.;54596;132;298;93368726;39.529893;0;0.000000;93368726;39.529893;2020-04-30
33.938.119/0001-69;2020-01-01;6;104823;CIA DISTRIB DE GAS DO RIO DE JANEIRO-CEG;70;6;86;438080;0.180000;0;0.000000;438080;0.180000;2020-06-30
33.958.695/0001-78;2020-01-01;24;104656;UNIPAR CARBOCLORO S.A.;33894;249;158;6262541;6.631738;46351905;49.084502;52614446;55.716240;2020-04-30
34.169.557/0001-72;2020-01-01;16;104697;BCO MERCANTIL DE INVESTIMENTOS S.A.;1930;353;1;83586;2.030000;324899;45.750000;408485;8.470000;2020-01-31
34.274.233/0001-02;2020-01-01;7;103075;VIBRA ENERGIA S/A;54944;350;1543;1164958126;99.996405;0;0.000000;1164958126;99.996405;2020-07-28
34.469.625/0001-19;2020-01-01;2;98100;COMPANHIA SECURITIZADORA DE CRÉDITOS FINANCEIROS VERT-PROVI;2;0;0;0;0.000000;0;0.000000;0;100.000000;2020-07-22
34.591.574/0001-01;2020-01-01;1;107766;UP ENGENHARIA E URBANISMO S.A.;2;0;0;0;0.000000;0;0.000000;0;0.000000;2019-07-01
35.082.277/0001-95;2020-01-01;2;93398;BASE SECURITIZADORA DE CRÉDITOS IMOBILIÁRIOS S.A;2;0;0;0;0.000000;0;0.000000;0;0.000000;2019-08-26
35.502.310/0001-99;2020-01-01;3;104728;CS BRASIL PARTICIPAÇÕES E LOCAÇÕES S.A.;0;1;0;0;0.000000;0;0.000000;0;0.000000;2020-11-24
35.727.157/0001-06;2020-01-01;2;99209;EZ INC INCORPORAÇÕES S.A.;4;1;0;4167897;2.083950;0;0.000000;4167897;2.083950;2020-08-14
35.791.391/0001-94;2020-01-01;3;102186;QUALITY SOFTWARE S.A.;6;1;1;0;0.000000;0;0.000000;0;0.000000;2020-04-30
36.243.187/0001-00;2020-01-01;2;96397;TRUE COMPANHIA SECURITIZADORA DE CRÉDITOS FINANCEIROS II;0;2;0;0;0.000000;0;0.000000;0;0.000000;2019-12-13
36.542.025/0001-64;2020-01-01;5;102856;BRQ SOLUCOES EM INFORMATICA S.A.;15;2;0;0;0.000000;0;0.000000;0;0.000000;2020-04-20
37.368.315/0001-04;2020-09-16;2;100281;COMPANHIA SECURITIZADORA DE CRÉDITOS FINANCEIROS - VERT 5;0;2;0;0;0.000000;0;0.000000;0;0.000000;2020-05-15
37.592.100/0001-64;2020-01-01;2;97467;MISSISSIPI SECURITIZADORA S/A;2;0;0;0;0.000000;0;0.000000;0;0.000000;2020-04-13
37.663.076/0001-07;2020-10-01;3;102814;AUREN PARTICIPAÇÕES S.A.;0;1;0;149647285;37.500000;0;0.000000;149647285;37.500000;2021-03-10
38.042.694/0001-00;2020-09-16;2;98055;TRAVESSIA SECURITIZADORA DE CRÉDITOS FINANCEIROS S.A.;1;1;0;0;0.000000;0;0.000000;0;0.000000;2020-07-03
39.115.514/0001-28;2020-01-01;2;103846;RUMO MALHA OESTE S.A.;0;1;0;0;0.000000;0;0.000000;0;0.000000;2019-04-30
39.393.829/0001-37;2020-01-01;1;97653;HLASA PARTICIPAÇÕES S.A.;0;1;0;0;0.000000;0;0.000000;0;0.000000;2020-10-08
39.393.829/0001-37;2020-10-09;8;103206;HLASA PARTICIPAÇÕES S.A.;0;1;0;0;0.000000;0;0.000000;0;0.000000;2020-10-30
40.997.635/0001-20;2020-01-22;1;103051;PORTO DE VITORIA COMPANHIA SECURITIZADORA DE CREDITOS FINANC;1;1;0;0;0.000000;0;0.000000;0;0.000000;2021-04-19
42.150.391/0001-70;2020-01-01;11;103022;BRASKEM S.A.;59835;3373;368;12907077;2.857000;265140805;76.730000;278047882;34.877000;2020-05-29
42.278.291/0001-24;2020-01-01;14;104792;LOG-IN LOGISTICA INTERMODAL S.A.;19558;421;151;100109944;94.900665;0;0.000000;100109944;94.900665;2020-09-04
42.278.473/0001-03;2020-01-01;10;104361;WIZ CO PARTICIPAÇÕES E CORRETAGEM DE SEGUROS S.A.;57158;953;155;77719799;48.603039;0;0.000000;77719799;48.603039;2019-04-24
42.331.462/0001-31;2020-01-01;3;103559;EMBPAR PARTICIPAÇÕES S/A;701;14;0;1808268;12.168229;0;0.000000;1808268;12.168229;2020-04-30
42.771.949/0001-35;2020-01-01;17;104756;ALLIANÇA SAÚDE E PARTICIPAÇÕES S.A.;5512;52;141;46716473;39.490000;0;0.000000;46716473;39.490000;2020-04-23
43.185.362/0001-07;2020-01-01;6;102733;IGB ELETRONICA S.A - EM RECUPERACAO JUDICIAL;1834;19;0;6048758;48.000000;0;0.000000;6048758;48.000000;2020-07-31
43.283.811/0001-50;2020-01-01;2;100870;KALUNGA S.A;2;0;0;0;0.000000;0;0.000000;0;0.000000;2021-01-29
43.470.988/0001-65;2020-01-01;4;104753;EVEN CONSTRUTORA E INCORPORADORA S.A.;13410;53;430;209535948;95.381734;0;0.000000;209535948;95.381734;2019-12-31
43.776.517/0001-80;2020-01-01;11;104540;CIA SANEAMENTO BASICO EST SAO PAULO;24181;1563;1465;339999111;49.743560;0;0.000000;339999111;49.743560;2020-04-28
45.242.914/0001-05;2020-01-01;16;104576;C&A MODAS S.A.;25240;107;262;106394635;34.516249;0;0.000000;106394635;34.516249;2020-06-26
45.365.558/0001-09;2020-01-01;1;98746;VITTIA S.A.;3;3;0;0;0.000000;0;0.000000;0;0.000000;2020-11-16
45.453.214/0001-51;2020-01-01;8;103935;PROFARMA DISTRIB PROD FARMACEUTICOS S.A.;15609;61;96;87499778;70.671042;0;0.000000;87499778;70.671042;2020-04-22
45.987.245/0001-92;2020-01-01;8;103423;BIOMA EDUCAÇÃO S.A.;1154;52;21;1379591;61.521347;0;0.000000;1379591;61.521347;2020-09-29
46.119.855/0001-37;2020-01-01;8;100774;SOCIEDADE ABASTECIMENTO DE ÁGUA E SANEAMENTO S.A - SANASA;9;4;0;0;0.000000;0;0.000000;0;0.000000;2019-04-26
47.193.149/0001-06;2020-01-01;2;96430;SANTANDER LEASING S.A. ARRENDAMENTO MERCANTIL;131;7;2;0;0.000000;0;0.000000;0;0.000000;2020-02-07
47.508.411/0001-56;2020-01-01;14;104129;CIA BRASILEIRA DE DISTRIBUICAO;22372;252;1192;156928631;58.479000;0;0.000000;156928631;58.479000;2020-12-31
47.509.120/0001-82;2020-01-01;3;103479;BRADESCO LEASING S.A. ARREND MERCANTIL;0;1;0;0;0.000000;0;0.000000;0;0.000000;2020-04-30
47.960.950/0001-21;2020-01-01;5;103504;MAGAZINE LUIZA S.A.;388643;1671;913;2668955512;41.067634;0;0.000000;2668955512;41.067634;2020-10-07
49.263.189/0001-02;2020-01-01;7;104562;HELBOR EMPREENDIMENTOS S.A.;56723;396;38;65261522;48.756814;0;0.000000;65261522;48.756814;2020-06-30
49.669.856/0001-43;2020-01-01;8;103607;VESTE S.A. ESTILO;5017;126;0;38348692;55.700000;0;0.000000;38348692;55.700000;2020-04-13
50.564.053/0001-03;2020-01-01;4;104124;BOMBRIL S.A. - EM RECUPERAÇÃO JUDICIAL;5644;39;26;0;0.000000;70992373;57.766942;70992373;27.251327;2020-04-27
50.746.577/0001-15;2020-01-01;10;104695;COSAN S.A.;77611;1915;1517;1169237744;62.390261;0;0.000000;1169237744;62.390261;2021-04-30
50.926.955/0001-42;2020-01-01;8;104394;VULCABRAS S.A.;29488;145;181;74685291;30.390000;0;0.000000;74685291;30.390000;2020-07-24
51.128.999/0001-90;2020-01-01;3;99183;NUTRIPLANT INDUSTRIA E COMERCIO S.A.;186;5;1;32134;25.115676;0;0.000000;32134;25.115676;2020-04-30
51.218.147/0001-93;2020-01-01;4;103869;IGUATEMI EMPRESA DE SHOPPING CENTERS S.A;39517;1044;0;85796919;48.794419;0;0.000000;85796919;48.794419;2020-06-25
51.466.860/0001-56;2020-03-31;4;95823;SAO MARTINHO S.A.;2360;37;526;147017773;41.529115;0;0.000000;147017773;41.529115;2019-06-24
51.928.174/0001-50;2020-01-01;2;103386;PLASCAR PARTICIPACOES INDUSTRIAIS S.A.;1515;18;0;4970927;40.000000;0;0.000000;4970927;40.000000;2021-04-30
52.548.435/0001-79;2020-01-01;18;105094;JSL S.A.;0;1;0;63399039;22.640000;0;0.000000;63399039;22.640000;2020-08-05
53.113.791/0001-22;2020-01-01;19;103190;TOTVS S.A.;65401;480;1191;480960677;83.223690;0;0.000000;480960677;83.223690;2021-04-20
56.444.250/0001-75;2020-01-01;2;95309;HAUSCENTER SA;3;1;0;2327;100.000000;0;0.000000;2327;100.000000;2020-06-12
56.643.018/0001-66;2020-01-01;6;103527;EUCATEX S.A. INDUSTRIA E COMERCIO;4312;23;113;12765018;40.840000;56114621;91.450000;68879639;74.370000;2019-04-30
56.720.428/0001-63;2020-01-01;7;102288;ROMI S.A.;27042;97;184;37272660;50.800000;0;0.000000;37272660;50.800000;2020-11-27
56.992.423/0001-90;2020-01-01;2;103757;BICICLETAS MONARK S.A.;456;22;1;137475;30.230896;0;0.000000;137475;30.230896;2020-04-30
58.119.199/0001-51;2020-01-01;7;103376;ODONTOPREV S.A.;38651;472;347;263448316;49.576000;0;0.000000;263448316;49.576000;2020-04-28
58.430.828/0001-60;2020-01-01;3;99544;BLAU FARMACÊUTICA S.A.;1;1;0;0;0.000000;0;0.000000;0;0.000000;2019-12-10
59.105.999/0001-86;2020-01-01;4;104705;WHIRLPOOL S.A.;957;23;10;8197233;0.800000;20503796;4.320000;28701029;1.910000;2019-04-26
59.285.411/0001-13;2020-01-01;13;99500;BCO PAN S.A.;61727;258;282;3;0.000000;341124068;62.306280;341124071;28.307733;2020-12-04
59.418.806/0001-47;2020-01-01;6;104412;TRACK & FIELD CO S.A.;5;0;0;0;0.000000;57536221;79.919000;57536221;6.061000;2020-09-17
59.789.545/0001-71;2020-01-01;3;104300;POLPAR S.A.;5;2;0;0;0.000000;0;0.000000;0;0.000000;2020-04-28
60.398.369/0004-79;2020-01-01;14;103519;PARANAPANEMA S.A. - EM RECUPERAÇÃO JUDICIAL;23053;205;37;43403849;99.996500;0;0.000000;43403849;99.996500;2020-04-23
60.444.437/0001-46;2020-01-01;11;100013;LIGHT SERVICOS DE ELETRICIDADE S.A.;0;1;0;0;0.000000;0;0.000000;0;0.000000;2020-04-28
60.476.884/0001-87;2020-01-01;6;103257;MAHLE METAL LEVE S.A.;66425;306;120;38492519;30.000000;0;0.000000;38492519;30.000000;2020-05-29
60.500.139/0001-26;2020-01-01;5;99313;SARAIVA LIVREIROS S.A. - EM RECUPERAÇÃO JUDICIAL;13825;32;24;7456006;37.266600;24461094;94.551800;31917100;69.569900;2020-07-20
60.537.263/0001-66;2020-01-01;14;103592;ALLPARK EMPREENDIMENTOS, PARTICIPAÇÕES E SERVIÇOS S.A.;3037;23;61;103710767;52.522000;0;0.000000;103710767;52.522000;2020-06-01
60.543.816/0001-93;2020-01-01;3;103221;IGUATEMI S.A.;20197;184;119;34833911;100.000000;0;0.000000;34833911;100.000000;2020-07-08
60.637.238/0001-54;2020-01-01;2;108426;BLUE TECH SOLUTIONS EQI S.A.;2915;47;19;819802;40.430000;3346095;100.000000;4165897;82.999999;2020-08-14
60.651.809/0001-05;2020-01-01;4;104299;SUZANO HOLDING S.A.;23;2;0;0;0.000000;0;0.000000;0;0.000000;2020-05-26
60.730.348/0001-66;2020-01-01;4;104595;CIA MELHORAMENTOS DE SAO PAULO;261;19;3;329814;5.870000;425497;55.020000;755311;11.800000;2020-06-22
60.746.948/0001-12;2020-01-01;21;104409;BCO BRADESCO S.A.;729406;36245;1393;1393587876;28.612364;4714820148;97.242855;6108408024;62.849655;2021-04-23
60.770.336/0001-65;2020-01-01;5;102649;BCO ALFA DE INVESTIMENTO S.A.;17919;1409;13;7203053;13.468149;12754380;36.318169;19957433;22.525171;2020-04-24
60.840.055/0001-31;2020-01-01;10;103580;FLEURY S.A.;209571;283;749;303800430;100.000000;0;0.000000;303800430;100.000000;2020-07-31
60.851.615/0001-53;2020-01-01;5;103654;BARDELLA S.A. INDUSTRIAS MECANICAS EM RECUPERAÇÃO JUDICIAL;1024;18;17;252907;41.652000;977179;98.426000;1230086;76.880000;2019-04-30
60.872.504/0001-23;2020-01-01;21;104273;ITAU UNIBANCO HOLDING S.A.;491554;11554;1222;385293206;7.770687;4780002924;98.641268;5165296130;52.684872;2021-05-07
60.884.319/0001-59;2020-01-01;1;95592;NORDON INDUSTRIAS METALURGICAS S.A.;333;10;0;71121;1.074100;0;0.000000;71121;1.074100;2017-04-27
60.894.730/0001-05;2020-01-01;13;104238;USINAS SID DE MINAS GERAIS S.A.-USIMINAS;104141;883;404;161021803;22.832000;513796208;93.790000;674818011;53.850000;2020-04-28
60.933.603/0001-78;2020-01-01;17;104592;CESP - CIA ENERGETICA DE SAO PAULO;15525;122;922;7076043;6.482000;189404011;57.832800;196480054;59.993000;2020-03-30
61.022.042/0001-18;2020-01-01;1;95577;CONSTRUTORA ADOLPHO LINDENBERG S.A.;234;10;0;7044;5.680000;45217;18.230000;52261;14.040000;2020-04-24
61.024.352/0001-71;2020-01-01;7;99906;BCO INDUSVAL S.A.;0;1;0;0;0.000000;0;0.000000;0;0.000000;2021-01-14
61.065.298/0001-02;2020-01-01;2;99373;MANGELS INDUSTRIAL S.A.;1071;14;11;1547;0.080000;2530610;68.100000;2532157;43.810000;2020-07-16
61.065.751/0001-80;2020-01-01;10;103510;ROSSI RESIDENCIAL S.A. - EM RECUPERAÇÃO JUDICIAL;4260;94;51;13676606;79.731460;0;0.000000;13676606;79.731460;2021-04-30
61.079.117/0001-05;2020-01-01;11;103133;ALPARGATAS S.A.;16232;690;166;11390682;3.771616;168770200;58.999929;180160882;30.636364;2020-04-30
61.080.313/0001-91;2020-01-01;2;93918;COBRASMA S.A.;2539;36;0;17667940;43.836567;61974046;99.507546;79641986;77.635221;2016-04-30
61.082.004/0001-50;2020-01-01;2;103657;MANUFATURA DE BRINQUEDOS ESTRELA S.A.;1116;30;0;14214;5.275190;538886;99.997402;553100;100.000000;2020-06-26
61.088.894/0001-08;2020-01-01;6;102741;CAMBUCI S.A.;6810;45;23;42265080;100.000000;0;0.000000;42265080;100.000000;2021-03-10
61.092.037/0001-81;2020-01-01;7;103461;ETERNIT S.A.;16155;77;27;51324205;99.320085;0;0.000000;51324205;99.320085;2020-04-28
61.101.895/0001-45;2020-01-01;2;100590;SANTHER FAB DE PAPEL STA THEREZINHA S.A.;0;1;0;16918;100.000000;0;0.000000;16918;100.000000;2020-06-29
61.156.113/0001-75;2020-01-01;8;104578;IOCHPE MAXION S.A.;47057;373;244;141465625;92.028358;0;0.000000;141465625;92.028358;2020-04-30
61.156.931/0001-78;2020-01-01;1;94915;ALIPERTI S.A.;4;4;0;1334;21.340000;7832;63.440000;9166;49.290000;2019-04-29
61.186.680/0001-74;2020-01-01;19;104291;BANCO BMG S/A;30170;345;0;1251558;0.314000;100232797;54.316000;101484355;17.400000;2020-04-30
61.189.288/0001-89;2020-01-01;13;103807;MARISA LOJAS S.A.;33874;96;239;111476495;42.602470;0;0.000000;111476495;42.602470;2020-06-30
61.351.532/0001-68;2020-01-01;7;103990;AZEVEDO E TRAVASSOS S.A.;6907;21;27;2900345;43.944621;10952087;82.970356;13852432;69.961778;2021-04-30
61.374.161/0001-30;2020-01-01;1;95588;BAUMER S.A.;569;17;0;252500;5.150000;2291824;46.770000;2544324;25.960000;2020-07-31
61.486.650/0001-83;2020-01-01;9;100193;DIAGNOSTICOS DA AMERICA S.A.;473;12;7;2857082;0.594218;0;0.000000;2857082;0.594218;2020-04-28
61.532.644/0001-15;2020-01-01;6;104621;ITAÚSA S.A.;713795;4065;0;1061351420;36.727024;4515538171;81.788749;5576889591;66.306174;2020-06-17
61.584.140/0001-49;2020-01-01;2;97043;REDE ENERGIA PARTICIPAÇÕES S.A.;5606;1587;5;8994720;0.420000;0;0.000000;8994720;0.420000;2020-04-28
61.585.865/0001-51;2020-01-01;6;103803;RAIA DROGASIL S.A.;42777;1756;0;1072645150;64.932845;0;0.000000;1072645150;64.932845;2020-09-23
61.695.227/0001-93;2020-01-01;7;102782;ELETROPAULO METROP. ELET. SAO PAULO S.A.;0;1;0;0;0.000000;0;0.000000;0;0.000000;2019-12-05
61.856.571/0001-17;2020-01-01;6;104613;CIA GAS DE SAO PAULO - COMGAS;2366;102;91;163435;0.160000;975775;3.400000;1139210;0.860000;2019-04-25
62.002.886/0001-60;2020-01-01;9;103628;SAO PAULO TURISMO S.A.;2693;879;0;170215;1.992241;107515;1.258384;277730;3.250626;2020-04-29
62.144.175/0001-20;2020-01-01;8;104793;BCO PINE S.A;18283;75;28;0;0.000000;53587434;73.832311;53587434;36.169170;2020-09-30
62.232.889/0001-90;2020-01-01;4;92843;BCO DAYCOVAL S.A.;5;0;0;0;0.000000;0;0.000000;0;0.000000;2020-03-05
62.307.848/0001-15;2020-01-01;3;99601;BANCO RCI BRASIL S.A.;0;2;0;0;0.000000;0;0.000000;0;0.000000;2020-04-30
62.984.091/0001-02;2020-01-01;6;103076;CRUZEIRO DO SUL EDUCACIONAL S.A.;0;3;0;77755200;20.364000;0;0.000000;77755200;20.364000;2021-02-09
64.904.295/0001-03;2020-02-28;9;94700;CAMIL ALIMENTOS S.A.;30386;145;115;121075797;32.723188;0;0.000000;121075797;32.723188;2020-06-30
65.654.303/0001-73;2020-01-01;12;103782;DIBENS LEASING S.A. - ARREND.MERCANTIL;0;1;0;0;0.000000;0;0.000000;0;0.000000;2021-04-30
67.010.660/0001-24;2020-01-01;7;103249;RNI NEGÓCIOS IMOBILIÁRIOS S.A.;1679;24;41;15049835;34.384055;0;0.000000;15049835;34.348055;2020-06-29
67.571.414/0001-41;2020-01-01;8;103069;VIVER INCORPORADORA E CONSTRUTORA S.A.;13469;259;0;106507317;100.000000;0;0.000000;106507317;100.000000;2020-06-25
67.620.377/0001-14;2020-01-01;16;104710;MINERVA S.A.;33870;284;552;242718712;44.160000;0;0.000000;242718712;44.160000;2020-03-20
69.720.910/0001-45;2020-01-01;1;94970;CCB BRASIL ARRENDAMENTO MERCANTIL S.A.;0;2;1;180920161;99.999996;0;0.000000;180920161;99.999996;2018-04-30
69.720.910/0001-45;2020-12-31;1;105499;CCB BRASIL ARRENDAMENTO MERCANTIL S.A.;0;2;1;180920161;99.999996;0;0.000000;180920161;99.999996;2018-04-30
71.208.516/0001-74;2020-01-01;1;95425;ALGAR TELECOM S/A;531;286;0;81911749;27.764830;0;0.000000;81911749;27.764830;2020-04-29
71.476.527/0001-35;2020-01-01;10;104883;CONSTRUTORA TENDA S.A.;12815;610;0;96408761;92.390000;0;0.000000;96408761;92.390000;2020-07-10
71.673.990/0001-77;2020-01-01;5;121236;NATURA COSMÉTICOS S.A.;0;1;0;0;0.000000;0;0.000000;0;0.000000;2020-06-26
73.178.600/0001-18;2020-01-01;8;103179;CYRELA BRAZIL REALTY S.A.EMPREEND E PART;7535;490;409;281154098;70.334000;0;0.000000;281154098;70.334000;2019-04-26
73.903.718/0001-61;2020-01-01;1;94805;SNB PARTICIPACOES SA;1;1;0;0;0.000000;0;0.000000;0;0.000000;2019-04-25
75.315.333/0001-09;2020-01-01;9;103416;ATACADÃO S.A.;10771;443;645;391758726;19.735767;0;0.000000;391758726;19.735767;2020-04-14
75.609.123/0001-23;2020-01-01;1;95471;UNIDAS LOCAÇÕES E SERVIÇOS S.A.;0;1;1;0;0.000000;0;0.000000;0;0.000000;2019-07-08
76.483.817/0001-20;2020-01-01;11;103292;CIA PARANAENSE DE ENERGIA - COPEL;28295;1088;355;600024820;41.372154;1286242950;100.000000;1886267770;68.928584;2020-04-28
76.484.013/0001-45;2020-01-01;17;103087;CIA SANEAMENTO DO PARANA - SANEPAR;86200;721;826;200991234;39.900172;1007468757;99.999851;1208459991;79.966621;2020-03-27
76.535.764/0001-43;2020-01-01;11;103854;OI S.A. - EM RECUPERAÇÃO JUDICIAL;1329833;213258;1313;5796444466;99.999000;155915479;98.851000;5952359945;99.969000;2020-10-16
76.627.504/0001-06;2020-01-01;19;106575;INEPAR S.A. INDUSTRIA E CONSTRUCOES EM RECUPERACAO JUDICIAL;0;0;0;0;0.000000;0;0.000000;0;0.000000;
78.876.950/0001-71;2020-01-01;6;103363;CIA HERING;61793;901;516;126186408;77.636960;0;0.000000;126186408;77.636960;2020-04-27
79.430.682/0001-22;2020-01-01;3;99600;FARMÁCIA E DROGARIA NISSEI S.A.;3;0;0;0;0.000000;0;0.000000;0;0.000000;2020-08-24
80.227.184/0001-66;2020-01-01;2;93777;METALGRAFICA IGUACU S.A.;1130;19;0;1313;1.632110;41850;26.010590;43163;17.844305;2020-04-29
81.243.735/0001-48;2020-01-01;10;104660;POSITIVO TECNOLOGIA S.A.;39701;251;96;78616498;55.441818;0;0.000000;78616498;55.441818;2020-06-01
82.508.433/0001-17;2020-01-01;12;103176;CIA CATARINENSE DE AGUAS E SANEAM.-CASAN;80;20;0;44113;0.011028;39014;0.009754;83127;0.010391;2021-02-23
82.636.986/0001-55;2020-01-01;2;102817;TEKA-TECELAGEM KUEHNRICH S.A. - EM RECUPERAÇÃO JUDICIAL;0;0;0;0;100.000000;0;100.000000;0;100.000000;
82.640.558/0001-04;2020-01-01;3;96138;KARSTEN S.A.;1163;202;43;117094;4.100000;774703;23.300000;891797;14.400000;2020-06-30
82.643.537/0001-34;2020-01-01;8;100656;ELECTRO ACO ALTONA S.A.;4364;28;13;9750000;43.333333;12750000;56.666667;22500000;100.000000;2020-06-02
82.901.000/0001-27;2020-01-01;5;103052;INTELBRAS S.A. IND. DE TELECOMUNICAÇÃO ELETRÔNICA BRASILEIRA;15598;201;306;82800000;25.275000;0;0.000000;82800000;25.275000;2021-02-25
82.982.075/0001-80;2020-01-01;2;103299;TEXTIL RENAUXVIEW S.A.;606;26;13;1456603;100.000000;2802677;100.000000;4259280;100.000000;2019-04-29
83.475.913/0001-91;2020-01-01;7;103680;PBG S/A;31406;180;83;69996578;45.200000;0;0.000000;69996578;45.200000;2020-06-30
83.878.892/0001-55;2020-01-01;10;104599;CENTRAIS ELET DE SANTA CATARINA S.A.;5139;520;450;6297477;40.560000;22810149;98.980000;29107626;75.460000;2019-04-30
84.429.695/0001-11;2020-01-01;8;103885;WEG S.A.;345714;3338;1844;1484859030;35.376377;0;0.000000;1484859030;35.376377;2021-04-27
84.683.374/0001-49;2020-01-01;9;103026;TUPY S.A.;35427;431;371;66821197;46.346480;0;0.000000;66821197;46.346480;2020-04-30
84.683.408/0001-03;2020-01-01;4;103468;DOHLER S.A.;356;24;0;58796;0.134933;7669311;45.268113;7728107;12.770305;2020-07-24
84.683.671/0001-94;2020-01-01;6;103573;WETZEL S.A.;1559;20;8;18666;2.720997;1004233;73.194718;1022899;49.703475;2021-04-30
84.693.183/0001-68;2020-01-01;6;102937;SCHULZ S.A.;22883;60;137;14023286;18.367977;87063462;85.071922;101086748;56.571842;2021-04-15
85.041.333/0001-11;2020-01-01;1;94099;PORTO PONTA DO FELIX S/A;0;4;0;85937255;37.140000;145449893;62.860000;231387148;100.000000;2017-08-08
85.778.074/0001-06;2020-01-01;4;104229;METALURGICA RIOSULENSE S.A.;117;11;6;0;0.000000;139898;58.290833;139898;23.996226;2020-04-20
86.375.425/0001-09;2020-01-01;3;103392;METISA METALURGICA TIMBOENSE S.A.;6;2;0;52291;1.240000;3239256;65.780000;3291547;36.020000;2020-04-24
86.550.951/0001-50;2020-01-01;3;103749;POMIFRUTAS S/A EM RECUPERACAO JUDICIAL;1426;13;0;612122;30.599999;0;0.000000;612122;30.599999;2019-04-30
87.043.832/0001-73;2020-01-01;3;104000;SEIVA S.A. - FLORESTAS E INDÚSTRIAS;104;1095;19;2;0.000000;432672;100.000000;432674;100.000000;2019-04-29
87.456.562/0001-22;2020-01-01;2;103995;JOSAPAR-JOAQUIM OLIVEIRA S.A. - PARTICIP;95;12;5;1994306;19.082455;130868;99.619390;2125174;20.082229;2020-07-31
87.762.563/0001-03;2020-01-01;5;103576;CIA HABITASUL DE PARTICIPACOES;3;1;0;0;0.000000;3826276;64.311000;3826276;64.311000;2017-04-30
88.610.126/0001-29;2020-01-01;8;103859;FRASLE MOBILITY S.A.;13754;45;99;102669124;47.189801;0;0.000000;102669124;47.189801;2020-04-08
88.610.191/0001-54;2020-01-01;2;103570;MUNDIAL S.A. - PRODUTOS DE CONSUMO;3076;145;13;1669373;67.306371;0;0.000000;1669373;67.306371;2020-06-01
88.611.835/0001-29;2020-01-01;6;102636;MARCOPOLO S.A.;85079;521;190;167673527;49.080000;573419889;94.740000;741093416;78.270000;2020-03-31
88.613.658/0001-10;2020-06-30;3;98633;PETTENATI S.A. INDUSTRIA TEXTIL;1286;56;0;385220;2.405081;31585060;98.612207;31970280;66.540306;2019-10-30
89.086.144/0001-16;2020-01-01;9;103303;RANDONCORP S.A.;14084;213;529;21308966;18.290000;177421406;77.390000;198730372;57.500000;2019-04-30
89.096.457/0001-55;2020-01-01;7;104650;SLC AGRICOLA S.A.;16798760;433718;25735593;86086214;45.200000;0;0.000000;86086214;45.200000;2020-06-30
89.463.822/0001-12;2020-01-01;12;104916;LUPATECH S.A;11879;79;30;28477701;100.000000;0;0.000000;28477701;100.000000;2021-05-07
89.637.490/0001-45;2020-01-01;19;103545;KLABIN S.A.;151816;1525;35;922294338;44.300000;3251977589;91.960000;4174271927;74.300000;2020-07-31
89.723.993/0001-33;2020-01-01;1;96609;CONSTRUTORA SULTEPA S.A. - EM RECUPERAÇÃO JUDICIAL;397;7;12;911080;12.164407;5084090;99.487504;5995170;47.580715;2017-07-17
89.850.341/0001-60;2020-01-01;11;103471;GRENDENE S.A.;108217;410;124;268384780;29.749133;0;0.000000;268384780;29.749133;2020-07-06
90.076.886/0001-40;2020-01-01;2;97661;MINUPAR PARTICIPACOES S.A.;1375;54;0;3386982;47.703299;0;0.000000;3386982;47.703299;2020-04-29
90.400.888/0001-42;2020-01-01;10;103768;BCO SANTANDER (BRASIL) S.A.;185850;16337;1041;355642348;9.313191;383446762;10.420213;739089110;9.856452;2020-04-30
90.441.460/0001-48;2020-01-01;3;103118;UNICASA INDÚSTRIA DE MÓVEIS S.A.;3674;18;44;29340638;42.481000;0;0.000000;29340638;44.400000;2019-12-03
91.333.666/0001-17;2020-01-01;3;103406;RECRUSUL S.A.;2154;33;23;25408950;33.510000;50414424;66.490000;75823374;100.000000;2019-04-26
91.495.499/0001-00;2020-01-01;4;103082;STARA S.A. - INDÚSTRIA DE IMPLEMENTOS AGRÍCOLAS;0;3;0;0;0.000000;0;0.000000;0;0.000000;2020-05-07
91.669.747/0001-92;2020-01-01;3;103336;DM FINANCEIRA S.A. - CRÉDITO, FINANCIAMENTO E INVESTIMENTO;254;21;0;303030;33.160000;0;0.000000;303030;33.160000;2015-04-28
91.983.056/0001-69;2020-01-01;12;103011;KEPLER WEBER S.A.;6422;67;170;26291930;99.923833;0;0.000000;26291930;99.923833;2021-03-30
92.012.467/0001-70;2020-01-01;4;103338;GRAZZIOTIN S.A.;6719;130;0;2634233;32.225000;9064749;76.004000;11698982;58.201000;2020-07-21
92.660.570/0001-26;2020-01-01;6;103224;TREVISA INVESTIMENTOS S.A.;139;5;9;256800;11.174935;1312800;45.300207;1569600;30.207852;2021-04-22
92.665.611/0001-77;2020-01-01;12;103126;DIMED S.A. DISTRIBUIDORA DE MEDICAMENTOS;13293;242;45;65369937;47.371000;7915220;58.693000;73285157;48.379000;2020-07-29
92.690.783/0001-09;2020-01-01;9;104259;METALURGICA GERDAU S.A.;97830;596;494;90953948;11.590000;693699918;88.410000;784653866;72.170000;2020-07-31
92.693.019/0001-89;2020-01-01;2;102938;PANATLANTICA S.A.;610;92;8;297653;1.702131;537656;68.692914;835309;4.572083;2019-11-25
92.702.067/0001-96;2020-01-01;14;104230;BCO ESTADO DO RIO GRANDE DO SUL S.A.;57406;3977;799;3839426;1.870000;203153126;99.630000;206992552;50.610000;2019-04-25
92.715.812/0001-31;2020-01-01;16;104598;CPFL TRANSMISSÃO S.A.;136;227;0;3135911;32.950000;162927;99.340000;3298838;34.080000;2020-04-30
92.721.232/0001-57;2020-01-01;1;95305;BANRISUL ARMAZENS GERAIS SA;224;46;1;0;0.000000;0;0.000000;0;0.000000;2020-07-24
92.749.225/0001-63;2020-01-01;2;103575;HERCULES S.A. FABRICA DE TALHERES;660;40;1;2804;1.637900;240946;71.117300;243750;47.794200;2020-06-01
92.754.738/0001-62;2020-01-01;9;102079;LOJAS RENNER S.A.;81453;684;2030;785417914;98.720000;0;0.000000;785417914;98.720000;2020-04-29
92.781.335/0001-02;2020-01-01;11;103755;TAURUS ARMAS S.A.;26857;303;10;7795474;16.784199;51290830;95.472547;59086304;58.986951;2020-01-29
92.791.243/0001-03;2020-01-01;14;103613;IRANI PAPEL E EMBALAGEM S.A.;2938;49;0;85725289;33.390000;0;0.000000;85725289;33.390000;2020-04-28
92.802.784/0001-90;2020-01-01;6;104980;CIA RIOGRANDENSE DE SANEAMENTO;0;9;0;0;0.000000;0;0.000000;0;0.000000;2020-06-16
92.929.520/0001-00;2020-01-01;1;95502;SPRINGER S.A.;948;50;18;118279;6.261447;199365;31.130595;317644;12.557982;2019-04-30
92.934.215/0001-06;2020-01-01;5;103408;BANRISUL SOLUÇÕES EM PAGAMENTOS S.A. - INSTITUIÇÃO DE PAGAME;0;2;0;0;0.000000;0;0.000000;0;0.000000;2019-05-30
93.828.986/0001-73;2020-01-01;2;104955;CEMEPE INVESTIMENTOS S.A.;575;28;0;12447;34.872384;23246;65.127616;35693;100.000000;2020-04-30
95.426.862/0001-97;2020-01-01;4;100597;EXCELSIOR ALIMENTOS S.A.;389;5;6;2223;0.000781;1506413;0.634201;1508636;0.288888;2020-04-30
96.298.013/0001-68;2020-01-01;2;97480;PACAEMBU CONSTRUTORA S.A.;5;0;0;0;0.000000;0;0.000000;0;0.000000;2020-09-11
96.418.264/0218-02;2020-01-01;10;103744;LOJAS QUERO QUERO S.A.;15923;125;349;177734774;94.899000;0;0.000000;177734774;94.899000;2021-01-28
97.191.902/0001-94;2020-01-01;1;95281;CONSERVAS ODERICH S.A.;429;10;0;112064;1.140000;85888;6.010000;197952;7.150000;2019-04-30
97.837.181/0001-47;2020-01-01;13;104593;DEXCO S.A.;19060;718;0;273813447;39.580743;0;0.000000;273813447;39.580743;2020-04-30
