CNPJ_Companhia;Data_Referencia;Versao;ID_Documento;Nome_Companhia;ID_Plano_Recompra;Especie_Acao;Tipo_Classe_Acao_Preferencial;Quantidade_Adquirida;Escala_Cotacao;Quantidade_Prevista;Valor_Preco_Medio;Percentual_Previsto;Percentual_Adquirido
00.336.701/0001-04;2021-01-01;16;115640;TELEC BRASILEIRAS S.A. TELEBRAS;41951;Ordin·ria;;0;R$ por Unidade;0;0.00;0.000000;0.000000
00.336.701/0001-04;2021-01-01;16;115640;TELEC BRASILEIRAS S.A. TELEBRAS;41952;Preferencial;;0;R$ por Unidade;0;0.00;0.000000;0.000000
00.416.968/0001-01;2021-01-01;24;114143;BANCO INTER S.A.;41563;Ordin·ria;;4005300;R$ por Unidade;40126590;8.88;3.660000;9.981660
00.416.968/0001-01;2021-01-01;24;114143;BANCO INTER S.A.;41563;Preferencial;;8010600;R$ por Unidade;88634592;17.76;8.690000;9.037780
00.545.378/0001-70;2021-01-01;2;105553;SERRA AZUL WATER PARK SA;38977;Ordin·ria;;0;R$ por Unidade;0;0.00;0.000000;0.000000
00.776.574/0001-56;2021-01-01;15;115623;AMERICANAS S.A. - EM RECUPERA«√O JUDICIAL;41936;Ordin·ria;;0;R$ por Unidade;17500000;0.00;2.819487;0.000000
00.776.574/0001-56;2021-01-01;15;115623;AMERICANAS S.A. - EM RECUPERA«√O JUDICIAL;41937;Ordin·ria;;17500000;R$ por Unidade;17500000;33.58;4.138213;100.000000
01.027.058/0001-91;2021-01-01;13;115666;CIELO S.A. -  INSTITUI«√O DE PAGAMENTO;41954;Ordin·ria;;2595332;R$ por Unidade;2595332;4.87;0.230000;100.000000
01.027.058/0001-91;2021-01-01;13;115666;CIELO S.A. -  INSTITUI«√O DE PAGAMENTO;41955;Ordin·ria;;4006776;R$ por Unidade;4006776;6.88;0.350000;100.000000
01.027.058/0001-91;2021-01-01;13;115666;CIELO S.A. -  INSTITUI«√O DE PAGAMENTO;41956;Ordin·ria;;363000;R$ por Unidade;400000;7.78;0.040000;90.750000
01.027.058/0001-91;2021-01-01;13;115666;CIELO S.A. -  INSTITUI«√O DE PAGAMENTO;41957;Ordin·ria;;1100000;R$ por Unidade;1100000;10.69;0.100000;100.000000
01.027.058/0001-91;2021-01-01;13;115666;CIELO S.A. -  INSTITUI«√O DE PAGAMENTO;41958;Ordin·ria;;1070000;R$ por Unidade;1070000;7.71;0.100000;100.000000
01.027.058/0001-91;2021-01-01;13;115666;CIELO S.A. -  INSTITUI«√O DE PAGAMENTO;41959;Ordin·ria;;1073254;R$ por Unidade;1550000;20.78;0.140000;69.240000
01.545.826/0001-07;2021-01-01;8;114205;GAFISA S.A.;41586;Ordin·ria;;0;R$ por Unidade;10327558;0.00;8.727939;0.000000
01.545.826/0001-07;2021-01-01;8;114205;GAFISA S.A.;41587;Ordin·ria;;2583767;R$ por Unidade;3516970;13.19;8.010000;73.470000
01.545.826/0001-07;2021-01-01;8;114205;GAFISA S.A.;41588;Ordin·ria;;4509665;R$ por Unidade;8198565;1.92;5.000000;55.000000
01.545.826/0001-07;2021-01-01;8;114205;GAFISA S.A.;41589;Ordin·ria;;1000000;R$ por Unidade;27000000;2.02;10.000000;3.700000
01.545.826/0001-07;2021-01-01;8;114205;GAFISA S.A.;41590;Ordin·ria;;30207130;R$ por Unidade;30207130;2.07;10.000000;100.000000
01.545.826/0001-07;2021-01-01;8;114205;GAFISA S.A.;41591;Ordin·ria;;17456434;R$ por Unidade;17456434;2.98;10.000000;100.000000
01.545.826/0001-07;2021-01-01;8;114205;GAFISA S.A.;41592;Ordin·ria;;15500000;R$ por Unidade;32938554;3.49;10.000000;47.050000
01.838.723/0001-27;2021-01-01;11;111776;BRF S.A.;40944;Ordin·ria;;4836000;R$ por Unidade;7500000;21.92;0.932534;64.480000
01.896.779/0001-38;2021-01-01;6;113992;CSU DIGITAL S.A.;41515;Ordin·ria;;0;R$ por Unidade;3000000;0.00;16.470000;0.000000
01.896.779/0001-38;2021-01-01;6;113992;CSU DIGITAL S.A.;41516;Ordin·ria;;220000;R$ por Unidade;1000000;7.34;5.910000;22.000000
02.149.205/0001-69;2021-01-01;7;113901;PORTO SEGURO S.A.;41484;Ordin·ria;;0;R$ por Unidade;5000000;0.00;5.498340;0.000000
02.149.205/0001-69;2021-01-01;7;113901;PORTO SEGURO S.A.;41485;Ordin·ria;;0;R$ por Unidade;5000000;0.00;5.322750;0.000000
02.149.205/0001-69;2021-01-01;7;113901;PORTO SEGURO S.A.;41486;Ordin·ria;;0;R$ por Unidade;5000000;0.00;5.322750;0.000000
02.149.205/0001-69;2021-01-01;7;113901;PORTO SEGURO S.A.;41487;Ordin·ria;;0;R$ por Unidade;5000000;0.00;5.301500;0.000000
02.387.241/0001-60;2021-01-01;17;115500;RUMO S.A.;41898;Ordin·ria;;2087000;R$ por Unidade;21482277;18.79;1.160000;9.710000
02.421.421/0001-11;2021-01-01;11;115627;TIM S.A.;41943;Ordin·ria;;397331;R$ por Unidade;397331;12.11;0.049137;100.000000
02.558.157/0001-62;2021-01-01;11;114359;TELEF‘NICA BRASIL S.A;41637;Ordin·ria;;0;R$ por Unidade;42383420;0.00;9.795984;0.000000
02.558.157/0001-62;2021-01-01;11;114359;TELEF‘NICA BRASIL S.A;41638;Ordin·ria;;12638205;R$ por Unidade;38320512;44.36;9.435840;32.980261
02.558.157/0001-62;2021-01-01;11;114359;TELEF‘NICA BRASIL S.A;41639;Ordin·ria;;0;R$ por Unidade;583422;0.00;1.845720;0.000000
02.558.157/0001-62;2021-01-01;11;114359;TELEF‘NICA BRASIL S.A;41639;Preferencial;;0;R$ por Unidade;37736465;0.00;9.090672;0.000000
02.558.157/0001-62;2021-01-01;11;114359;TELEF‘NICA BRASIL S.A;41640;Ordin·ria;;0;R$ por Unidade;870781;0.00;2.754813;0.000000
02.558.157/0001-62;2021-01-01;11;114359;TELEF‘NICA BRASIL S.A;41640;Preferencial;;0;R$ por Unidade;41510761;0.00;9.999918;0.000000
02.558.157/0001-62;2021-01-01;11;114359;TELEF‘NICA BRASIL S.A;41641;Ordin·ria;;0;R$ por Unidade;870530;0.00;2.754237;0.000000
02.558.157/0001-62;2021-01-01;11;114359;TELEF‘NICA BRASIL S.A;41641;Preferencial;;706;R$ por Unidade;41510371;45.39;9.999823;0.001701
02.800.026/0001-40;2021-01-01;13;115845;COGNA EDUCA«√O S.A.;42018;Ordin·ria;;17412500;R$ por Unidade;48773702;12.61;3.000000;35.700591
02.860.694/0001-62;2021-01-01;11;126140;T4F ENTRETENIMENTO S.A.;46675;Ordin·ria;;0;R$ por Unidade;2000000;0.00;5.670000;0.000000
02.916.265/0001-60;2021-01-01;12;115684;JBS S.A.;41964;Ordin·ria;;0;R$ por Unidade;116167197;0.00;10.000000;0.000000
02.916.265/0001-60;2021-01-01;12;115684;JBS S.A.;41965;Ordin·ria;;129064700;R$ por Unidade;129073668;37.55;10.000000;99.993052
02.916.265/0001-60;2021-01-01;12;115684;JBS S.A.;41966;Ordin·ria;;0;R$ por Unidade;137628458;0.00;10.000000;0.000000
02.916.265/0001-60;2021-01-01;12;115684;JBS S.A.;41967;Ordin·ria;;41197800;R$ por Unidade;138802589;30.74;10.000000;0.000000
02.916.265/0001-60;2021-01-01;12;115684;JBS S.A.;41968;Ordin·ria;;53386400;R$ por Unidade;160405239;9.33;10.000000;33.282205
02.932.074/0001-91;2021-01-01;6;114394;HYPERA S.A.;41660;Ordin·ria;;2700000;R$ por Unidade;4200000;31.51;1.042000;64.280000
02.932.074/0001-91;2021-01-01;6;114394;HYPERA S.A.;41661;Ordin·ria;;2469000;R$ por Unidade;8000000;29.22;2.000000;30.863000
03.014.553/0001-91;2021-01-01;4;114252;TPI - TRIUNFO PARTICIP. E INVEST. S.A.;41607;Ordin·ria;;0;R$ por Unidade;4708827;0.00;6.538015;0.000000
03.014.553/0001-91;2021-01-01;4;114252;TPI - TRIUNFO PARTICIP. E INVEST. S.A.;41608;Ordin·ria;;2493400;R$ por Unidade;4750200;4.29;6.726454;35.620000
03.014.553/0001-91;2021-01-01;4;114252;TPI - TRIUNFO PARTICIP. E INVEST. S.A.;41609;Ordin·ria;;99900;R$ por Unidade;7000000;3.88;8.945687;1.427142
03.220.438/0001-73;2021-01-01;18;115541;EQUATORIAL S.A.;41919;Ordin·ria;;28870100;R$ por Unidade;50110056;22.26;4.999422;57.613386
03.342.704/0001-30;2021-01-01;15;113616;PETROREC‘NCAVO S.A.;41342;Ordin·ria;;327822;R$ por Unidade;500000;16.84;0.201193;65.564400
03.847.461/0001-92;2021-01-01;11;115449;BRADESPAR S.A.;41887;Ordin·ria;;0;R$ por Unidade;970000;0.00;3.802368;0.000000
03.847.461/0001-92;2021-01-01;11;115449;BRADESPAR S.A.;41887;Preferencial;;0;R$ por Unidade;9900000;0.00;4.665304;0.000000
03.847.461/0001-92;2021-01-01;11;115449;BRADESPAR S.A.;41888;Ordin·ria;;0;R$ por Unidade;970000;0.00;3.802368;0.000000
03.847.461/0001-92;2021-01-01;11;115449;BRADESPAR S.A.;41888;Preferencial;;0;R$ por Unidade;9900000;0.00;4.664474;0.000000
03.853.896/0001-40;2021-01-01;6;113664;MARFRIG GLOBAL FOODS S.A.;41352;Ordin·ria;;650000;R$ por Unidade;9554341;15.93;1.340000;6.803200
03.853.896/0001-40;2021-01-01;6;113664;MARFRIG GLOBAL FOODS S.A.;41353;Ordin·ria;;4210000;R$ por Unidade;4214072;14.94;1.180000;99.903000
03.853.896/0001-40;2021-01-01;6;113664;MARFRIG GLOBAL FOODS S.A.;41354;Ordin·ria;;11999875;R$ por Unidade;12000000;8.42;1.930000;99.996000
03.853.896/0001-40;2021-01-01;6;113664;MARFRIG GLOBAL FOODS S.A.;41355;Ordin·ria;;1267000;R$ por Unidade;9456917;6.09;1.810000;13.397600
03.983.431/0001-03;2021-01-01;7;111096;EDP - ENERGIAS DO BRASIL S.A.;40573;Ordin·ria;;24164000;R$ por Unidade;24863880;18.91;8.100000;97.200000
03.983.431/0001-03;2021-01-01;7;111096;EDP - ENERGIAS DO BRASIL S.A.;40574;Ordin·ria;;1500000;R$ por Unidade;1500000;18.56;0.510000;100.000000
04.065.791/0001-99;2021-01-01;10;115571;SINQIA S.A.;41922;Ordin·ria;;1165722;R$ por Unidade;5241054;22.25;8.900000;22.240000
04.065.791/0001-99;2021-01-01;10;115571;SINQIA S.A.;41923;Ordin·ria;;1170800;R$ por Unidade;5896343;16.62;10.000000;19.860000
04.423.567/0001-21;2021-01-01;7;115717;ENEVA S.A;41974;Ordin·ria;;1070000;R$ por Unidade;1070000;69.44;0.340000;100.000000
04.986.320/0001-13;2021-01-01;4;111221;SER EDUCACIONAL S.A.;40687;Ordin·ria;;0;R$ por Unidade;4939840;0.00;9.090000;0.000000
04.986.320/0001-13;2021-01-01;4;111221;SER EDUCACIONAL S.A.;40688;Ordin·ria;;4230300;R$ por Unidade;5326100;15.47;9.090908;79.430000
04.986.320/0001-13;2021-01-01;4;111221;SER EDUCACIONAL S.A.;40689;Ordin·ria;;5482640;R$ por Unidade;5482640;16.24;8.555390;100.000000
05.197.443/0001-38;2021-01-01;17;115749;HAPVIDA PARTICIPA«’ES E INVESTIMENTOS S.A.;41989;Ordin·ria;;258316;R$ por Unidade;21704063;58.07;10.000000;1.190000
06.164.253/0001-87;2021-01-01;26;115734;GOL LINHAS AEREAS INTELIGENTES S.A.;41983;Preferencial;;3000000;R$ por Unidade;3000000;33.84;1.096352;100.000000
06.626.253/0001-51;2021-01-01;10;115321;EMPREENDIMENTOS PAGUE MENOS S.A.;41870;Ordin·ria;;1040000;R$ por Unidade;1100000;9.99;0.690000;0.650000
06.948.969/0001-75;2021-01-01;3;106436;LINX S.A.;39324;Ordin·ria;;4950000;R$ por Unidade;8100000;20.29;4.510000;61.100000
06.948.969/0001-75;2021-01-01;3;106436;LINX S.A.;39325;Ordin·ria;;8135100;R$ por Unidade;10000000;24.00;6.090000;81.400000
06.977.745/0001-91;2021-01-01;16;115718;BR MALLS PARTICIPACOES S.A.;41975;Ordin·ria;;883200;R$ por Unidade;41597300;11.58;4.760000;2.123200
06.977.751/0001-49;2021-01-01;10;115860;BR PROPERTIES S.A.;42024;Ordin·ria;;0;R$ por Unidade;18000000;0.00;3.796189;0.000000
06.977.751/0001-49;2021-01-01;10;115860;BR PROPERTIES S.A.;42025;Ordin·ria;;10994600;R$ por Lote de Mil;11000000;8.63;5.550000;99.950909
06.977.751/0001-49;2021-01-01;10;115860;BR PROPERTIES S.A.;42026;Ordin·ria;;4000000;R$ por Unidade;4000000;8.81;1.980000;100.000000
06.977.751/0001-49;2021-01-01;10;115860;BR PROPERTIES S.A.;42027;Ordin·ria;;2904727;R$ por Unidade;2904727;9.25;2.410000;100.000000
06.977.751/0001-49;2021-01-01;10;115860;BR PROPERTIES S.A.;42028;Ordin·ria;;1115100;R$ por Unidade;2900000;9.25;3.250000;38.500000
07.206.816/0001-15;2021-01-01;8;114440;M.DIAS BRANCO S.A. IND COM DE ALIMENTOS;41671;Ordin·ria;;1105000;R$ por Unidade;8472614;0.00;10.000000;1.304201
07.253.321/0001-47;2021-01-01;1;105092;CARBOMIL SA MINER. E INDUSTRIA;38813;Preferencial;;0;R$ por Unidade;1;0.00;1.000000;0.000000
07.415.333/0001-20;2021-01-01;17;115529;SIMPAR S.A.;41916;Ordin·ria;;6113481;R$ por Lote de Mil;7000000;43.81;12.400000;87.340000
07.415.333/0001-20;2021-01-01;17;115529;SIMPAR S.A.;41917;Ordin·ria;;192700;R$ por Unidade;3915171;28.50;6.330000;4.920000
07.628.528/0001-59;2021-06-30;13;110463;BRASILAGRO - CIA BRAS DE PROP AGRICOLAS;40339;Ordin·ria;;1395700;R$ por Unidade;1395700;12.16;2.528500;100.000000
07.689.002/0001-89;2021-01-01;9;115513;EMBRAER S.A.;41909;Ordin·ria;;1540300;R$ por Unidade;7000000;8.80;0.950000;22.000000
07.816.890/0001-53;2021-01-01;8;114661;MULTIPLAN - EMPREEND IMOBILIARIOS S.A.;41755;Ordin·ria;;380000;R$ por Unidade;7500000;20.52;2.700000;5.100000
07.816.890/0001-53;2021-01-01;8;114661;MULTIPLAN - EMPREEND IMOBILIARIOS S.A.;41756;Ordin·ria;;5030700;R$ por Unidade;7500000;20.92;2.700000;67.100000
07.816.890/0001-53;2021-01-01;8;114661;MULTIPLAN - EMPREEND IMOBILIARIOS S.A.;41757;Ordin·ria;;1500000;R$ por Unidade;1500000;18.89;1.670000;100.000000
07.816.890/0001-53;2021-01-01;8;114661;MULTIPLAN - EMPREEND IMOBILIARIOS S.A.;41758;Ordin·ria;;1500000;R$ por Unidade;1500000;20.63;1.670000;100.000000
07.857.850/0001-50;2021-01-01;11;115791;GP INVESTMENTS, LTD.;42003;Preferencial;Preferencial Classe A;0;R$ por Unidade;15525200;0.00;22.671962;0.000000
07.857.850/0001-50;2021-01-01;11;115791;GP INVESTMENTS, LTD.;42004;Preferencial;Preferencial Classe A;4474800;R$ por Unidade;20000000;4.81;31.486568;22.374000
07.857.850/0001-50;2021-01-01;11;115791;GP INVESTMENTS, LTD.;42005;Preferencial;Preferencial Classe A;814595;R$ por Unidade;7228022;4.30;10.000000;11.270000
07.857.850/0001-50;2021-01-01;11;115791;GP INVESTMENTS, LTD.;42006;Preferencial;Preferencial Classe A;238538;R$ por Unidade;7466560;6.21;10.000000;3.190000
07.857.850/0001-50;2021-01-01;11;115791;GP INVESTMENTS, LTD.;42007;Preferencial;Preferencial Classe A;3241915;R$ por Unidade;7778650;7.25;10.000000;41.680000
07.857.850/0001-50;2021-01-01;11;115791;GP INVESTMENTS, LTD.;42008;Preferencial;Preferencial Classe A;8461980;R$ por Unidade;8611876;7.04;10.000000;98.250000
07.857.850/0001-50;2021-01-01;11;115791;GP INVESTMENTS, LTD.;42009;Preferencial;Preferencial Classe A;6639106;R$ por Unidade;9275786;6.58;10.000000;71.570000
07.857.850/0001-50;2021-01-01;11;115791;GP INVESTMENTS, LTD.;42010;Preferencial;Preferencial Classe A;8116500;R$ por Unidade;10087436;5.36;10.000000;80.460000
07.857.850/0001-50;2021-01-01;11;115791;GP INVESTMENTS, LTD.;42011;Preferencial;Preferencial Classe A;9341300;R$ por Unidade;10131329;4.63;10.000000;92.200000
07.857.850/0001-50;2021-01-01;11;115791;GP INVESTMENTS, LTD.;42012;Preferencial;Preferencial Classe A;10407863;R$ por Unidade;11234659;4.11;10.000000;92.640000
07.857.850/0001-50;2021-01-01;11;115791;GP INVESTMENTS, LTD.;42013;Preferencial;Preferencial Classe A;276200;R$ por Unidade;12468037;4.56;10.000000;2.220000
07.857.850/0001-50;2021-01-01;11;115791;GP INVESTMENTS, LTD.;42014;Preferencial;Preferencial Classe A;7320800;R$ por Unidade;12196581;4.31;10.000000;60.000000
08.078.847/0001-09;2021-01-01;6;114671;LPS BRASIL - CONSULTORIA DE IMOVEIS S.A.;41787;Ordin·ria;;5000000;R$ por Unidade;5000000;3.13;4.357897;100.000000
08.159.965/0001-33;2021-01-01;10;112590;IGUA SANEAMENTO S.A.;41113;Ordin·ria;;0;R$ por Unidade;0;0.00;0.000000;0.000000
08.294.224/0001-65;2021-01-01;8;115654;JHSF PARTICIPACOES S.A.;41953;Ordin·ria;;2800000;R$ por Unidade;28000000;7.17;4.084420;10.000000
08.312.229/0001-73;2021-01-01;6;115668;EZ TEC EMPREEND. E PARTICIPACOES S.A.;41961;Ordin·ria;;0;R$ por Unidade;9575565;0.00;10.000000;0.000000
08.343.492/0001-20;2021-01-01;12;115303;MRV ENGENHARIA E PARTICIPACOES S.A.;41862;Ordin·ria;;0;R$ por Unidade;15000000;0.00;5.100000;0.000000
08.343.492/0001-20;2021-01-01;12;115303;MRV ENGENHARIA E PARTICIPACOES S.A.;41863;Ordin·ria;;0;R$ por Unidade;15000000;0.00;5.030000;0.000000
08.343.492/0001-20;2021-01-01;12;115303;MRV ENGENHARIA E PARTICIPACOES S.A.;41864;Ordin·ria;;2540000;R$ por Unidade;15000000;0.00;5.210000;16.933333
08.343.492/0001-20;2021-01-01;12;115303;MRV ENGENHARIA E PARTICIPACOES S.A.;41865;Ordin·ria;;0;R$ por Unidade;20000000;0.00;4.503088;0.000000
08.343.492/0001-20;2021-01-01;12;115303;MRV ENGENHARIA E PARTICIPACOES S.A.;41866;Ordin·ria;;0;R$ por Unidade;12000000;0.00;4.120000;0.000000
08.343.492/0001-20;2021-01-01;12;115303;MRV ENGENHARIA E PARTICIPACOES S.A.;41867;Ordin·ria;;18314500;R$ por Lote de Mil;20000000;7.54;7.150000;91.570000
08.343.492/0001-20;2021-01-01;12;115303;MRV ENGENHARIA E PARTICIPACOES S.A.;41868;Ordin·ria;;15000000;R$ por Unidade;15000000;6.96;5.170000;100.000000
08.343.492/0001-20;2021-01-01;12;115303;MRV ENGENHARIA E PARTICIPACOES S.A.;41869;Ordin·ria;;7495100;R$ por Unidade;9730000;6.89;3.300000;77.030000
08.574.411/0001-00;2021-01-01;2;114455;PR¡TICA PRODUTOS S.A.;41672;Preferencial;Preferencial Classe B;414253;R$ por Unidade;414253;20.27;10.000000;100.000000
08.801.621/0001-86;2021-01-01;12;115487;SYN PROP & TECH S.A.;41879;Ordin·ria;;5893099;R$ por Unidade;5893099;14.88;10.000000;100.000000
08.801.621/0001-86;2021-01-01;12;115487;SYN PROP & TECH S.A.;41880;Ordin·ria;;6576068;R$ por Unidade;6576068;14.20;10.000000;100.000000
08.811.643/0001-27;2021-01-01;4;119752;TRISUL S.A.;44034;Ordin·ria;;0;R$ por Unidade;5000000;0.00;6.300000;0.000000
08.811.643/0001-27;2021-01-01;4;119752;TRISUL S.A.;44035;Ordin·ria;;600000;R$ por Unidade;5000000;11.65;6.300000;0.321510
09.041.168/0001-10;2021-01-01;10;113943;LOG COMMERCIAL PROPERTIES E PARTICIPA«’ES;41501;Ordin·ria;;0;R$ por Unidade;5500000;0.00;10.000000;0.000000
09.041.168/0001-10;2021-01-01;10;113943;LOG COMMERCIAL PROPERTIES E PARTICIPA«’ES;41502;Ordin·ria;;2114200;R$ por Unidade;4000000;22.90;6.100000;52.855000
09.288.252/0001-32;2021-01-01;5;114695;ANIMA HOLDING S.A.;41781;Ordin·ria;;6139716;R$ por Unidade;6366646;15.23;10.000000;96.000000
09.288.252/0001-32;2021-01-01;5;114695;ANIMA HOLDING S.A.;41782;Ordin·ria;;23700;R$ por Unidade;2443870;12.17;10.000000;0.970000
09.288.252/0001-32;2021-01-01;5;114695;ANIMA HOLDING S.A.;41783;Ordin·ria;;2103000;R$ por Unidade;2401661;15.19;10.000000;87.560000
09.288.252/0001-32;2021-01-01;5;114695;ANIMA HOLDING S.A.;41784;Ordin·ria;;12900;R$ por Unidade;2602530;15.00;10.000000;0.495672
09.305.994/0001-29;2021-01-01;9;115872;AZUL S.A.;42031;Preferencial;;81200;R$ por Lote de Mil;2000000;37.26;0.614799;4.100000
09.305.994/0001-29;2021-01-01;9;115872;AZUL S.A.;42032;Preferencial;;301008;R$ por Unidade;2000000;42.68;0.611802;15.050000
09.305.994/0001-29;2021-01-01;9;115872;AZUL S.A.;42033;Preferencial;;550000;R$ por Unidade;700000;27.12;0.220000;78.570000
09.346.601/0001-25;2021-01-01;19;115579;B3 S.A. - BRASIL, BOLSA, BALC√O;41924;Ordin·ria;;22180000;R$ por Unidade;82800000;17.94;1.350000;26.790000
09.346.601/0001-25;2021-01-01;19;115579;B3 S.A. - BRASIL, BOLSA, BALC√O;41925;Ordin·ria;;16613800;R$ por Unidade;21700000;53.31;1.050000;76.560000
09.346.601/0001-25;2021-01-01;19;115579;B3 S.A. - BRASIL, BOLSA, BALC√O;41926;Ordin·ria;;4162800;R$ por Unidade;38500000;41.67;1.870000;10.800000
10.215.988/0001-60;2021-01-01;8;122058;COMPANHIA DE LOCA«√O DAS AM…RICAS;44825;Ordin·ria;;0;R$ por Unidade;20349175;0.00;6.375951;0.000000
10.215.988/0001-60;2021-01-01;8;122058;COMPANHIA DE LOCA«√O DAS AM…RICAS;44826;Ordin·ria;;0;R$ por Unidade;3037432;0.00;7.310000;0.000000
10.629.105/0001-68;2021-01-01;14;115628;PRIO S.A.;41944;Ordin·ria;;0;R$ por Unidade;6273477;0.00;4.692908;0.000000
10.629.105/0001-68;2021-01-01;14;115628;PRIO S.A.;41945;Ordin·ria;;503909;R$ por Unidade;1000000;69.00;7.497916;50.390900
10.760.260/0001-19;2021-01-01;7;114674;CVC BRASIL OPERADORA E AG NCIA DE VIAGENS S.A.;41761;Ordin·ria;;320000;R$ por Unidade;7255000;14.83;5.000000;4.410751
10.760.260/0001-19;2021-01-01;7;114674;CVC BRASIL OPERADORA E AG NCIA DE VIAGENS S.A.;41762;Ordin·ria;;1571000;R$ por Unidade;4000000;50.02;2.840000;39.275000
11.721.921/0001-60;2021-01-01;10;115667;ALPER CONSULTORIA E CORRETORA DE SEGUROS S.A.;41960;Ordin·ria;;2900;R$ por Unidade;779061;15.17;8.856467;0.372243
11.992.680/0001-93;2021-01-01;5;114692;QUALICORP CONSULTORIA E CORRETORA DE SEGUROS S.A.;41778;Ordin·ria;;0;R$ por Unidade;10000000;0.00;3.527735;0.000000
12.049.631/0001-84;2021-01-01;9;114003;MOURA DUBEUX ENGENHARIA S/A;41520;Ordin·ria;;200000;R$ por Unidade;5715759;9.00;10.000000;3.500000
12.181.987/0001-77;2021-01-01;7;114145;MELNICK DESENVOLVIMENTO IMOBILI¡RIO S.A.;41564;Ordin·ria;;0;R$ por Unidade;7615547;0.00;10.000000;0.000000
13.574.594/0001-96;2021-01-01;17;115705;ZAMP SA;41971;Ordin·ria;;1222719;R$ por Unidade;1222719;19.79;0.540000;100.000000
14.308.514/0001-13;2021-01-01;1;105562;PARTICIPA«’ES INDUST. DO NORDESTE S.A.;38978;Ordin·ria;;0;R$ por Unidade;8790;0.00;6.976200;0.000000
14.308.514/0001-13;2021-01-01;1;105562;PARTICIPA«’ES INDUST. DO NORDESTE S.A.;38978;Preferencial;;0;R$ por Unidade;2154;0.00;6.862500;0.000000
15.073.274/0001-88;2021-01-01;2;111192;PPLA PARTICIPATIONS LTD.;40651;Preferencial;Preferencial Classe A;0;R$ por Unidade;16500000;0.00;10.000000;0.000000
15.073.274/0001-88;2021-01-01;2;111192;PPLA PARTICIPATIONS LTD.;40651;Preferencial;Preferencial Classe B;0;R$ por Unidade;33000000;0.00;10.000000;0.000000
15.141.799/0001-03;2021-01-01;8;114952;CIA FERRO LIGAS DA BAHIA - FERBASA;41830;Preferencial;;3183300;R$ por Unidade;4346400;8.07;10.000000;73.240000
16.590.234/0001-76;2021-01-01;12;114619;AZZAS 2154 S.A.;41741;Ordin·ria;;0;R$ por Unidade;5008278;0.00;10.000000;0.000000
16.590.234/0001-76;2021-01-01;12;114619;AZZAS 2154 S.A.;41742;Ordin·ria;;671800;R$ por Unidade;4482847;92.50;10.000000;14.986012
16.590.234/0001-76;2021-01-01;12;114619;AZZAS 2154 S.A.;41743;Ordin·ria;;60000;R$ por Unidade;4400780;43.82;10.000000;1.363394
16.590.234/0001-76;2021-01-01;12;114619;AZZAS 2154 S.A.;41744;Ordin·ria;;75000;R$ por Unidade;3846985;48.06;10.000000;1.949579
16.614.075/0001-00;2021-01-01;6;114519;DIRECIONAL ENGENHARIA S.A.;41698;Ordin·ria;;0;R$ por Unidade;8001081;0.00;10.000000;0.000000
16.614.075/0001-00;2021-01-01;6;114519;DIRECIONAL ENGENHARIA S.A.;41699;Ordin·ria;;3975300;R$ por Unidade;7917706;12.84;10.000000;50.207724
16.614.075/0001-00;2021-01-01;6;114519;DIRECIONAL ENGENHARIA S.A.;41700;Ordin·ria;;7034205;R$ por Unidade;7034205;5.75;8.937554;100.000000
16.614.075/0001-00;2021-01-01;6;114519;DIRECIONAL ENGENHARIA S.A.;41701;Ordin·ria;;2000000;R$ por Unidade;2000000;12.33;2.490000;100.000000
16.670.085/0001-55;2021-01-01;11;114350;LOCALIZA RENT A CAR S.A.;41634;Ordin·ria;;0;R$ por Unidade;50000000;0.00;8.371604;0.000000
16.670.085/0001-55;2021-01-01;11;114350;LOCALIZA RENT A CAR S.A.;41635;Ordin·ria;;5214600;R$ por Unidade;52500000;35.42;8.915136;9.932571
16.670.085/0001-55;2021-01-01;11;114350;LOCALIZA RENT A CAR S.A.;41636;Ordin·ria;;0;R$ por Unidade;45150000;0.00;8.565451;0.000000
16.811.931/0001-00;2021-01-01;6;114724;ALPHAVILLE S.A.;41792;Ordin·ria;;60000;R$ por Unidade;140098;24.81;3.000000;42.827164
17.167.412/0001-13;2021-01-01;5;113589;FINANCEIRA ALFA S.A.- CRED FINANC E INVS;41330;Ordin·ria;;31000;R$ por Unidade;300000;5.32;0.510758;10.333333
17.167.412/0001-13;2021-01-01;5;113589;FINANCEIRA ALFA S.A.- CRED FINANC E INVS;41330;Preferencial;Preferencial Classe A;51100;R$ por Unidade;400000;6.04;0.904849;12.775000
17.167.412/0001-13;2021-01-01;5;113589;FINANCEIRA ALFA S.A.- CRED FINANC E INVS;41331;Ordin·ria;;126800;R$ por Unidade;300000;4.17;0.510641;4.226667
17.167.412/0001-13;2021-01-01;5;113589;FINANCEIRA ALFA S.A.- CRED FINANC E INVS;41331;Preferencial;Preferencial Classe A;81100;R$ por Unidade;500000;4.96;1.130023;16.220000
17.314.329/0001-20;2021-01-01;15;115108;INTERNATIONAL MEAL COMPANY ALIMENTACAO S.A.;41849;Ordin·ria;;350000;R$ por Unidade;4911436;6.93;2.506864;7.126225
17.314.329/0001-20;2021-01-01;15;115108;INTERNATIONAL MEAL COMPANY ALIMENTACAO S.A.;41850;Ordin·ria;;5630600;R$ por Unidade;13000000;6.44;7.885109;43.312308
17.344.597/0001-94;2021-01-01;17;114072;BB SEGURIDADE PARTICIPA«’ES S.A.;41536;Ordin·ria;;0;R$ por Unidade;10000000;0.00;1.489000;0.000000
17.344.597/0001-94;2021-01-01;17;114072;BB SEGURIDADE PARTICIPA«’ES S.A.;41537;Ordin·ria;;0;R$ por Unidade;10000000;0.00;1.489000;0.000000
18.593.815/0001-97;2021-01-01;12;115602;PRINER SERVI«OS INDUSTRIAIS S.A.;41929;Ordin·ria;;0;R$ por Unidade;800000;0.00;2.100000;0.000000
19.378.769/0001-76;2021-01-01;7;114656;INSTITUTO HERMES PARDINI S.A.;41752;Ordin·ria;;3545700;R$ por Unidade;4000000;22.44;9.715640;88.642500
19.378.769/0001-76;2021-01-01;7;114656;INSTITUTO HERMES PARDINI S.A.;41753;Ordin·ria;;0;R$ por Unidade;4000000;0.00;9.791635;0.000000
19.378.769/0001-76;2021-01-01;7;114656;INSTITUTO HERMES PARDINI S.A.;41754;Ordin·ria;;1000000;R$ por Unidade;1000000;23.68;2.212727;100.000000
21.314.559/0001-66;2021-01-01;10;111240;MOVIDA PARTICIPACOES SA;40708;Ordin·ria;;998928;R$ por Unidade;3000000;15.13;2.260000;33.330000
21.314.559/0001-66;2021-01-01;10;111240;MOVIDA PARTICIPACOES SA;40709;Ordin·ria;;1353500;R$ por Unidade;7000000;8.83;9.530000;19.335700
26.462.693/0001-28;2021-01-01;11;113976;LAVVI EMPREENDIMENTOS IMOBILI¡RIOS S.A.;41507;Ordin·ria;;0;R$ por Unidade;8670202;0.00;10.000000;0.000000
26.462.693/0001-28;2021-01-01;11;113976;LAVVI EMPREENDIMENTOS IMOBILI¡RIOS S.A.;41508;Ordin·ria;;6437400;R$ por Unidade;9313493;6.12;10.000000;69.115733
27.093.558/0001-15;2021-01-01;10;116383;MILLS LOCA«√O, SERVI«OS E LOGÕSTICA S.A.;42186;Ordin·ria;;2285300;R$ por Unidade;4000000;8.65;5.069199;57.000000
28.195.667/0001-06;2021-01-01;9;114643;BCO ABC BRASIL S.A.;41746;Preferencial;;4378700;R$ por Unidade;7000000;15.43;10.356193;62.552857
28.195.667/0001-06;2021-01-01;9;114643;BCO ABC BRASIL S.A.;41747;Preferencial;;7215100;R$ por Unidade;7730093;17.04;10.733000;93.338000
28.195.667/0001-06;2021-01-01;9;114643;BCO ABC BRASIL S.A.;41748;Preferencial;;2322900;R$ por Unidade;4401774;16.92;4.670000;52.770000
28.195.667/0001-06;2021-01-01;9;114643;BCO ABC BRASIL S.A.;41749;Preferencial;;712400;R$ por Unidade;1497660;13.52;1.820000;47.570000
28.195.667/0001-06;2021-01-01;9;114643;BCO ABC BRASIL S.A.;41750;Preferencial;;1125200;R$ por Unidade;1511783;10.43;3.000000;74.430000
28.195.667/0001-06;2021-01-01;9;114643;BCO ABC BRASIL S.A.;41751;Preferencial;;1363300;R$ por Unidade;1525377;10.71;3.040000;89.370000
29.780.061/0001-09;2021-01-01;5;115026;SAO CARLOS EMPREEND E PARTICIPACOES S.A.;41831;Ordin·ria;;0;R$ por Unidade;1000000;0.00;8.303000;0.000000
29.780.061/0001-09;2021-01-01;5;115026;SAO CARLOS EMPREEND E PARTICIPACOES S.A.;41832;Ordin·ria;;0;R$ por Unidade;1000000;0.00;4.390326;0.000000
29.780.061/0001-09;2021-01-01;5;115026;SAO CARLOS EMPREEND E PARTICIPACOES S.A.;41833;Ordin·ria;;0;R$ por Unidade;750000;0.00;3.285682;0.000000
29.780.061/0001-09;2021-01-01;5;115026;SAO CARLOS EMPREEND E PARTICIPACOES S.A.;41834;Ordin·ria;;1000000;R$ por Unidade;1000000;30.38;4.202908;100.000000
29.780.061/0001-09;2021-01-01;5;115026;SAO CARLOS EMPREEND E PARTICIPACOES S.A.;41835;Ordin·ria;;128500;R$ por Unidade;1000000000;30.03;4.230735;12.850000
29.780.061/0001-09;2021-01-01;5;115026;SAO CARLOS EMPREEND E PARTICIPACOES S.A.;41836;Ordin·ria;;33450;R$ por Unidade;800000;33.89;3.389432;4.180000
29.780.061/0001-09;2021-01-01;5;115026;SAO CARLOS EMPREEND E PARTICIPACOES S.A.;41837;Ordin·ria;;96734;R$ por Unidade;1000000;34.25;3.987985;9.670000
29.780.061/0001-09;2021-01-01;5;115026;SAO CARLOS EMPREEND E PARTICIPACOES S.A.;41838;Ordin·ria;;909403;R$ por Unidade;1000000;34.52;3.987985;90.940000
29.780.061/0001-09;2021-01-01;5;115026;SAO CARLOS EMPREEND E PARTICIPACOES S.A.;41839;Ordin·ria;;365100;R$ por Unidade;1000000;34.59;3.706386;36.510000
29.780.061/0001-09;2021-01-01;5;115026;SAO CARLOS EMPREEND E PARTICIPACOES S.A.;41840;Ordin·ria;;350000;R$ por Unidade;350000;44.81;1.313987;100.000000
29.978.814/0001-87;2021-01-01;12;115706;SUL AMERICA S.A.;41972;Ordin·ria;;2110000;R$ por Unidade;5399237;11.13;2.037900;39.080000
29.978.814/0001-87;2021-01-01;12;115706;SUL AMERICA S.A.;41972;Preferencial;;4220000;R$ por Unidade;10798474;11.13;2.037900;39.080000
29.978.814/0001-87;2021-01-01;12;115706;SUL AMERICA S.A.;41973;Ordin·ria;;13977551;R$ por Unidade;13977551;14.99;5.260600;100.000000
29.978.814/0001-87;2021-01-01;12;115706;SUL AMERICA S.A.;41973;Preferencial;;27955102;R$ por Unidade;27955102;14.99;5.260600;100.000000
30.306.294/0001-45;2021-01-01;12;114576;BCO BTG PACTUAL S.A.;41711;Ordin·ria;;0;R$ por Unidade;15000000;0.00;7.460000;0.000000
30.306.294/0001-45;2021-01-01;12;114576;BCO BTG PACTUAL S.A.;41711;Preferencial;;0;R$ por Unidade;30000000;0.00;7.460000;0.000000
30.306.294/0001-45;2021-01-01;12;114576;BCO BTG PACTUAL S.A.;41712;Ordin·ria;;0;R$ por Unidade;15000000;0.00;10.000000;0.000000
30.306.294/0001-45;2021-01-01;12;114576;BCO BTG PACTUAL S.A.;41712;Preferencial;Preferencial Classe A;0;R$ por Unidade;30000000;0.00;10.000000;0.000000
30.306.294/0001-45;2021-01-01;12;114576;BCO BTG PACTUAL S.A.;41713;Ordin·ria;;0;R$ por Unidade;15500000;0.00;10.000000;0.000000
30.306.294/0001-45;2021-01-01;12;114576;BCO BTG PACTUAL S.A.;41713;Preferencial;Preferencial Classe A;0;R$ por Unidade;31000000;0.00;10.000000;0.000000
30.306.294/0001-45;2021-01-01;12;114576;BCO BTG PACTUAL S.A.;41714;Ordin·ria;;0;R$ por Unidade;16500000;0.00;10.000000;0.000000
30.306.294/0001-45;2021-01-01;12;114576;BCO BTG PACTUAL S.A.;41714;Preferencial;;0;R$ por Unidade;33000000;0.00;10.000000;0.000000
32.785.497/0001-97;2021-01-01;16;121234;NATURA &CO HOLDING S.A.;44685;Ordin·ria;;1114460;R$ por Unidade;1114460;49.25;0.166152;100.000000
33.014.556/0001-96;2021-01-01;7;110527;LOJAS AMERICANAS S.A.;40366;Ordin·ria;;0;R$ por Unidade;10000;0.00;5.170000;0.000000
33.014.556/0001-96;2021-01-01;7;110527;LOJAS AMERICANAS S.A.;40366;Preferencial;Preferencial Classe A;0;R$ por Unidade;10000;0.00;1.470000;0.000000
33.014.556/0001-96;2021-01-01;7;110527;LOJAS AMERICANAS S.A.;40367;Ordin·ria;;0;R$ por Unidade;10000000;0.00;1.850000;0.000000
33.014.556/0001-96;2021-01-01;7;110527;LOJAS AMERICANAS S.A.;40367;Preferencial;Preferencial Classe A;0;R$ por Unidade;10000000;0.00;0.960000;0.000000
33.014.556/0001-96;2021-01-01;7;110527;LOJAS AMERICANAS S.A.;40368;Ordin·ria;;0;R$ por Unidade;10000000;0.00;1.880000;0.000000
33.014.556/0001-96;2021-01-01;7;110527;LOJAS AMERICANAS S.A.;40368;Preferencial;Preferencial Classe A;1533817;R$ por Unidade;10000000;18.62;1.130000;15.340000
33.042.730/0001-04;2021-01-01;11;114687;CIA SIDERURGICA NACIONAL;41768;Ordin·ria;;0;R$ por Unidade;32770055;0.00;5.190000;0.000000
33.042.730/0001-04;2021-01-01;11;114687;CIA SIDERURGICA NACIONAL;41769;Ordin·ria;;1841100;R$ por Unidade;34611155;5.10;5.480000;5.320000
33.042.730/0001-04;2021-01-01;11;114687;CIA SIDERURGICA NACIONAL;41770;Ordin·ria;;21758600;R$ por Unidade;56369755;7.49;8.920000;38.600000
33.042.730/0001-04;2021-01-01;11;114687;CIA SIDERURGICA NACIONAL;41771;Ordin·ria;;6791300;R$ por Unidade;63161055;9.82;10.000000;10.750000
33.042.730/0001-04;2021-01-01;11;114687;CIA SIDERURGICA NACIONAL;41772;Ordin·ria;;240400;R$ por Unidade;64205661;11.40;10.000000;0.370000
33.042.730/0001-04;2021-01-01;11;114687;CIA SIDERURGICA NACIONAL;41773;Ordin·ria;;26781661;R$ por Unidade;26781661;10.42;3.810000;100.000000
33.042.730/0001-04;2021-01-01;11;114687;CIA SIDERURGICA NACIONAL;41774;Ordin·ria;;31544500;R$ por Unidade;58326161;9.21;8.310000;54.080000
33.042.730/0001-04;2021-01-01;11;114687;CIA SIDERURGICA NACIONAL;41775;Ordin·ria;;9529500;R$ por Unidade;67855661;8.97;9.670000;14.040000
33.042.730/0001-04;2021-01-01;11;114687;CIA SIDERURGICA NACIONAL;41776;Ordin·ria;;2350000;R$ por Unidade;70205661;9.34;10.000000;3.350000
33.113.309/0001-47;2021-01-01;5;113896;VALID SOLU«’ES S.A.;41478;Ordin·ria;;425000;R$ por Unidade;1000000;8.50;1.450000;42.500000
33.113.309/0001-47;2021-01-01;5;113896;VALID SOLU«’ES S.A.;41479;Ordin·ria;;335830;R$ por Unidade;1000000;16.08;1.440000;33.600000
33.113.309/0001-47;2021-01-01;5;113896;VALID SOLU«’ES S.A.;41480;Ordin·ria;;524000;R$ por Unidade;1000000;18.35;1.570000;52.400000
33.376.989/0001-91;2021-01-01;15;115495;IRB - BRASIL RESSEGUROS S.A.;41889;Ordin·ria;;7850000;R$ por Unidade;41898920;34.48;5.000000;18.735566
33.592.510/0001-54;2021-01-01;22;115792;VALE S.A.;42015;Ordin·ria;;71173683;R$ por Unidade;80000000;54.00;1.960000;88.970000
33.611.500/0001-19;2021-01-01;16;115101;GERDAU S.A.;41842;Preferencial;;0;R$ por Unidade;55000000;0.00;5.000000;0.000000
33.611.500/0001-19;2021-01-01;16;115101;GERDAU S.A.;41843;Preferencial;;6000000;R$ por Unidade;6000000;15.63;0.570000;100.000000
33.611.500/0001-19;2021-01-01;16;115101;GERDAU S.A.;41844;Preferencial;;10000000;R$ por Unidade;10000000;9.55;1.130000;100.000000
33.611.500/0001-19;2021-01-01;16;115101;GERDAU S.A.;41845;Preferencial;;19923200;R$ por Unidade;30000000;9.50;3.400000;66.400000
33.958.695/0001-78;2021-01-01;17;115522;UNIPAR CARBOCLORO S.A.;41911;Ordin·ria;;1315900;R$ por Unidade;2130030;31.86;34.012232;61.778473
33.958.695/0001-78;2021-01-01;17;115522;UNIPAR CARBOCLORO S.A.;41911;Preferencial;Preferencial Classe A;113300;R$ por Unidade;320127;33.16;17.943785;35.392204
33.958.695/0001-78;2021-01-01;17;115522;UNIPAR CARBOCLORO S.A.;41911;Preferencial;Preferencial Classe B;535200;R$ por Unidade;6249926;27.45;14.205056;8.563301
33.958.695/0001-78;2021-01-01;17;115522;UNIPAR CARBOCLORO S.A.;41912;Ordin·ria;;952771;R$ por Unidade;1234929;36.74;16.721782;77.151885
33.958.695/0001-78;2021-01-01;17;115522;UNIPAR CARBOCLORO S.A.;41912;Preferencial;Preferencial Classe A;189802;R$ por Unidade;298448;31.60;16.735000;63.596338
33.958.695/0001-78;2021-01-01;17;115522;UNIPAR CARBOCLORO S.A.;41912;Preferencial;Preferencial Classe B;5485770;R$ por Unidade;7368109;31.60;17.313279;74.452889
40.337.136/0001-06;2021-01-01;8;114336;TERRA SANTA PROPRIEDADES AGRÕCOLAS S.A.;41631;Ordin·ria;;0;R$ por Unidade;300000;0.00;1.000000;0.000000
42.771.949/0001-35;2021-01-01;24;115744;ALLIAN«A SA⁄DE E PARTICIPA«’ES S.A.;41985;Ordin·ria;;0;R$ por Unidade;1730000;0.00;3.950000;0.000000
42.771.949/0001-35;2021-01-01;24;115744;ALLIAN«A SA⁄DE E PARTICIPA«’ES S.A.;41986;Ordin·ria;;0;R$ por Unidade;1000000;0.00;2.150000;0.000000
42.771.949/0001-35;2021-01-01;24;115744;ALLIAN«A SA⁄DE E PARTICIPA«’ES S.A.;41987;Ordin·ria;;280000;R$ por Unidade;1000000;13.89;2.240000;28.000000
42.771.949/0001-35;2021-01-01;24;115744;ALLIAN«A SA⁄DE E PARTICIPA«’ES S.A.;41988;Ordin·ria;;690000;R$ por Unidade;1000000;15.30;2.230000;69.000000
43.470.988/0001-65;2021-01-01;8;114618;EVEN CONSTRUTORA E INCORPORADORA S.A.;41734;Ordin·ria;;4139307;R$ por Unidade;4139307;5.98;2.000000;99.999831
43.470.988/0001-65;2021-01-01;8;114618;EVEN CONSTRUTORA E INCORPORADORA S.A.;41735;Ordin·ria;;2831400;R$ por Unidade;10390345;4.82;5.000000;27.250000
43.470.988/0001-65;2021-01-01;8;114618;EVEN CONSTRUTORA E INCORPORADORA S.A.;41736;Ordin·ria;;6201277;R$ por Unidade;11524212;4.05;5.000000;53.810000
43.470.988/0001-65;2021-01-01;8;114618;EVEN CONSTRUTORA E INCORPORADORA S.A.;41737;Ordin·ria;;6201277;R$ por Unidade;11524212;4.05;5.000000;53.810000
43.470.988/0001-65;2021-01-01;8;114618;EVEN CONSTRUTORA E INCORPORADORA S.A.;41738;Ordin·ria;;11664670;R$ por Unidade;11664670;3.84;5.000000;100.000000
43.470.988/0001-65;2021-01-01;8;114618;EVEN CONSTRUTORA E INCORPORADORA S.A.;41739;Ordin·ria;;11664670;R$ por Unidade;11664670;3.84;5.000000;100.000000
43.470.988/0001-65;2021-01-01;8;114618;EVEN CONSTRUTORA E INCORPORADORA S.A.;41740;Ordin·ria;;11188811;R$ por Unidade;11188811;5.74;4.800000;100.000000
47.960.950/0001-21;2021-01-01;11;113929;MAGAZINE LUIZA S.A.;41496;Ordin·ria;;29608200;R$ por Unidade;40000000;23.00;1.494833;74.020500
47.960.950/0001-21;2021-01-01;11;113929;MAGAZINE LUIZA S.A.;41497;Ordin·ria;;27070000;R$ por Unidade;144000000;8.68;6.639711;18.798610
47.960.950/0001-21;2021-01-01;11;113929;MAGAZINE LUIZA S.A.;41498;Ordin·ria;;27788800;R$ por Unidade;96000000;3.17;4.421247;28.946670
49.263.189/0001-02;2021-01-01;5;113497;HELBOR EMPREENDIMENTOS S.A.;41287;Ordin·ria;;0;R$ por Unidade;5112311;0.00;4.690000;0.000000
50.746.577/0001-15;2021-01-01;11;115492;COSAN S.A.;41883;Ordin·ria;;0;R$ por Unidade;17000000;0.00;5.890000;0.000000
50.746.577/0001-15;2021-01-01;11;115492;COSAN S.A.;41884;Ordin·ria;;6291200;R$ por Unidade;10000000;50.64;7.368930;62.912000
50.746.577/0001-15;2021-01-01;11;115492;COSAN S.A.;41885;Ordin·ria;;14732000;R$ por Unidade;15388000;41.16;3.325044;95.740000
50.746.577/0001-15;2021-01-01;11;115492;COSAN S.A.;41886;Ordin·ria;;2371700;R$ por Unidade;4000000;33.47;0.982090;59.290000
51.218.147/0001-93;2021-01-01;4;111594;IGUATEMI EMPRESA DE SHOPPING CENTERS S.A;40865;Ordin·ria;;118900;R$ por Unidade;1299264;37.33;1.500000;9.151336
51.218.147/0001-93;2021-01-01;4;111594;IGUATEMI EMPRESA DE SHOPPING CENTERS S.A;40866;Ordin·ria;;380800;R$ por Unidade;1304214;30.09;1.500000;29.197673
51.218.147/0001-93;2021-01-01;4;111594;IGUATEMI EMPRESA DE SHOPPING CENTERS S.A;40867;Ordin·ria;;0;R$ por Unidade;1301399;0.00;1.500000;0.000000
51.466.860/0001-56;2021-03-31;5;107401;SAO MARTINHO S.A.;39537;Ordin·ria;;4058400;R$ por Unidade;10000000;18.36;6.801899;40.584000
51.466.860/0001-56;2021-03-31;5;107401;SAO MARTINHO S.A.;39538;Ordin·ria;;7992600;R$ por Unidade;8000000;18.24;5.210000;99.907500
51.466.860/0001-56;2021-03-31;5;107401;SAO MARTINHO S.A.;39539;Ordin·ria;;2808100;R$ por Unidade;3000000;18.74;2.270000;93.600000
51.466.860/0001-56;2021-03-31;5;107401;SAO MARTINHO S.A.;39540;Ordin·ria;;1000000;R$ por Unidade;1000000;47.45;2.200000;100.000000
52.548.435/0001-79;2021-01-01;5;114500;JSL S.A.;41697;Ordin·ria;;0;R$ por Unidade;3688783;0.00;6.700000;0.000000
53.113.791/0001-22;2021-01-01;9;114000;TOTVS S.A.;41519;Ordin·ria;;5100900;R$ por Unidade;9000000;18.57;1.854360;56.676666
58.119.199/0001-51;2021-01-01;6;113746;ODONTOPREV S.A.;41422;Ordin·ria;;10000000;R$ por Unidade;10000000;13.06;3.800000;4.100000
58.119.199/0001-51;2021-01-01;6;113746;ODONTOPREV S.A.;41423;Ordin·ria;;2569300;R$ por Unidade;2716074;16.26;1.030000;94.596097
58.119.199/0001-51;2021-01-01;6;113746;ODONTOPREV S.A.;41424;Ordin·ria;;4557752;R$ por Unidade;4666000;15.16;1.800000;97.680000
60.500.139/0001-26;2021-01-01;7;115161;SARAIVA LIVREIROS S.A. - EM RECUPERA«√O JUDICIAL;41854;Ordin·ria;;0;R$ por Unidade;510173;0.00;10.000000;0.000000
60.500.139/0001-26;2021-01-01;7;115161;SARAIVA LIVREIROS S.A. - EM RECUPERA«√O JUDICIAL;41854;Preferencial;;0;R$ por Unidade;1581128;0.00;8.350000;0.000000
60.746.948/0001-12;2021-01-01;18;114912;BCO BRADESCO S.A.;41821;Ordin·ria;;0;R$ por Unidade;48705792;0.01;3.621566;0.000000
60.746.948/0001-12;2021-01-01;18;114912;BCO BRADESCO S.A.;41821;Preferencial;;0;R$ por Unidade;48485003;0.01;1.039038;0.000000
60.746.948/0001-12;2021-01-01;18;114912;BCO BRADESCO S.A.;41822;Ordin·ria;;664296;R$ por Unidade;7500000;0.01;0.598155;8.857284
60.746.948/0001-12;2021-01-01;18;114912;BCO BRADESCO S.A.;41822;Preferencial;;2488957;R$ por Unidade;7500000;0.01;0.174941;33.186098
60.746.948/0001-12;2021-01-01;18;114912;BCO BRADESCO S.A.;41823;Ordin·ria;;1107161;R$ por Unidade;7500000;0.01;0.658693;14.762140
60.746.948/0001-12;2021-01-01;18;114912;BCO BRADESCO S.A.;41823;Preferencial;;4148262;R$ por Unidade;7500000;0.01;0.192743;55.310161
60.746.948/0001-12;2021-01-01;18;114912;BCO BRADESCO S.A.;41824;Ordin·ria;;503254;R$ por Unidade;7500000;0.01;0.875360;6.710052
60.746.948/0001-12;2021-01-01;18;114912;BCO BRADESCO S.A.;41824;Preferencial;;1885576;R$ por Unidade;7500000;0.01;0.231483;25.141008
60.770.336/0001-65;2021-01-01;6;113581;BCO ALFA DE INVESTIMENTO S.A.;41328;Ordin·ria;;68300;R$ por Unidade;330000;6.03;0.617029;15.883721
60.770.336/0001-65;2021-01-01;6;113581;BCO ALFA DE INVESTIMENTO S.A.;41328;Preferencial;;0;R$ por Unidade;100000;0.00;0.284751;0.000000
60.770.336/0001-65;2021-01-01;6;113581;BCO ALFA DE INVESTIMENTO S.A.;41329;Ordin·ria;;330000;R$ por Unidade;330000;5.77;0.613245;100.000000
60.840.055/0001-31;2021-01-01;8;115733;FLEURY S.A.;41982;Ordin·ria;;100000;R$ por Unidade;3035263;26.74;0.000000;3.290000
60.872.504/0001-23;2021-01-01;17;114194;ITAU UNIBANCO HOLDING S.A.;41583;Ordin·ria;;0;R$ por Unidade;15000000;0.00;3.870000;0.000000
60.872.504/0001-23;2021-01-01;17;114194;ITAU UNIBANCO HOLDING S.A.;41583;Preferencial;;0;R$ por Unidade;75000000;0.00;1.560000;0.000000
60.933.603/0001-78;2021-01-01;17;115700;CESP - CIA ENERGETICA DE SAO PAULO;41969;Ordin·ria;;25977;R$ por Unidade;40000;28.55;0.570000;65.000000
60.933.603/0001-78;2021-01-01;17;115700;CESP - CIA ENERGETICA DE SAO PAULO;41969;Preferencial;Preferencial Classe A;84514;R$ por Unidade;218000;30.65;2.950000;39.000000
61.092.037/0001-81;2021-01-01;11;113751;ETERNIT S.A.;41433;Ordin·ria;;0;R$ por Unidade;2000000;0.00;1.318750;0.000000
61.156.113/0001-75;2021-01-01;12;115484;IOCHPE MAXION S.A.;41877;Ordin·ria;;132000;R$ por Unidade;132000;22.63;0.000960;100.000000
61.156.113/0001-75;2021-01-01;12;115484;IOCHPE MAXION S.A.;41878;Ordin·ria;;551000;R$ por Unidade;551000;24.31;0.370000;100.000000
61.186.680/0001-74;2021-01-01;20;115526;BANCO BMG S/A;41913;Preferencial;;1724000;R$ por Unidade;9905227;3.37;10.000000;17.404952
61.186.680/0001-74;2021-01-01;20;115526;BANCO BMG S/A;41914;Preferencial;;8677000;R$ por Unidade;10700112;4.53;10.000000;81.092609
61.186.680/0001-74;2021-01-01;20;115526;BANCO BMG S/A;41915;Preferencial;;11981100;R$ por Unidade;11994003;7.79;10.000000;99.892421
61.189.288/0001-89;2021-01-01;8;115353;MARISA LOJAS S.A.;41872;Ordin·ria;;500000;R$ por Unidade;500000;6.64;0.953700;100.000000
61.532.644/0001-15;2021-01-01;7;114683;ITA⁄SA S.A.;41763;Ordin·ria;;0;R$ por Unidade;50000000;0.00;4.710975;0.000000
61.532.644/0001-15;2021-01-01;7;114683;ITA⁄SA S.A.;41763;Preferencial;;0;R$ por Unidade;200000000;0.00;4.429107;0.000000
61.532.644/0001-15;2021-01-01;7;114683;ITA⁄SA S.A.;41764;Ordin·ria;;0;R$ por Unidade;27000000;0.00;2.602630;0.000000
61.532.644/0001-15;2021-01-01;7;114683;ITA⁄SA S.A.;41764;Preferencial;;3500000;R$ por Unidade;50000000;9.21;1.294870;7.000000
61.532.644/0001-15;2021-01-01;7;114683;ITA⁄SA S.A.;41765;Ordin·ria;;50970229;R$ por Unidade;80000000;8.79;7.448581;63.712786
61.532.644/0001-15;2021-01-01;7;114683;ITA⁄SA S.A.;41765;Preferencial;;0;R$ por Unidade;80000000;0.00;2.104974;0.000000
61.585.865/0001-51;2021-01-01;6;113999;RAIA DROGASIL S.A.;41517;Ordin·ria;;0;R$ por Unidade;1000000;0.00;0.468987;0.000000
61.585.865/0001-51;2021-01-01;6;113999;RAIA DROGASIL S.A.;41518;Ordin·ria;;597000;R$ por Unidade;816041;78.60;0.387269;73.158089
62.144.175/0001-20;2021-01-01;10;115507;BCO PINE S.A;41900;Preferencial;;43300;R$ por Unidade;500000;2.97;1.976964;8.660000
62.144.175/0001-20;2021-01-01;10;115507;BCO PINE S.A;41901;Preferencial;;404200;R$ por Unidade;500000;3.50;1.948977;80.840000
62.144.175/0001-20;2021-01-01;10;115507;BCO PINE S.A;41902;Preferencial;;1200000;R$ por Unidade;1200000;3.86;0.000000;100.000000
62.144.175/0001-20;2021-01-01;10;115507;BCO PINE S.A;41903;Preferencial;;500000;R$ por Unidade;500000;4.76;0.000000;100.000000
62.144.175/0001-20;2021-01-01;10;115507;BCO PINE S.A;41904;Preferencial;;1000000;R$ por Unidade;1000000;5.07;0.000000;100.000000
62.144.175/0001-20;2021-01-01;10;115507;BCO PINE S.A;41905;Preferencial;;1000000;R$ por Unidade;1000000;5.25;0.000000;100.000000
62.144.175/0001-20;2021-01-01;10;115507;BCO PINE S.A;41906;Preferencial;;570000;R$ por Unidade;570000;4.55;2.000000;100.000000
62.144.175/0001-20;2021-01-01;10;115507;BCO PINE S.A;41907;Preferencial;;391521;R$ por Unidade;391521;4.47;1.400000;100.000000
64.904.295/0001-03;2021-02-28;7;106391;CAMIL ALIMENTOS S.A.;39305;Ordin·ria;;1479400;R$ por Unidade;4000000;10.05;3.440416;36.985000
64.904.295/0001-03;2021-02-28;7;106391;CAMIL ALIMENTOS S.A.;39306;Ordin·ria;;4000000;R$ por Unidade;4000000;11.89;3.441501;100.000000
64.904.295/0001-03;2021-02-28;7;106391;CAMIL ALIMENTOS S.A.;39307;Ordin·ria;;30665030;R$ por Unidade;30665030;6.25;24.919813;100.000000
64.904.295/0001-03;2021-02-28;7;106391;CAMIL ALIMENTOS S.A.;39308;Ordin·ria;;3565275;R$ por Unidade;3565275;7.02;0.869469;100.000000
64.904.295/0001-03;2021-02-28;7;106391;CAMIL ALIMENTOS S.A.;39309;Ordin·ria;;5821571;R$ por Unidade;5821571;7.77;3.634054;100.000000
67.620.377/0001-14;2021-01-01;13;114214;MINERVA S.A.;41600;Ordin·ria;;19903200;R$ por Unidade;20000000;10.55;3.646883;99.516000
67.620.377/0001-14;2021-01-01;13;114214;MINERVA S.A.;41601;Ordin·ria;;0;R$ por Unidade;4829385;0.00;10.000000;0.000000
67.620.377/0001-14;2021-01-01;13;114214;MINERVA S.A.;41602;Ordin·ria;;0;R$ por Unidade;9247149;0.00;10.000000;0.000000
71.476.527/0001-35;2021-01-01;18;114209;CONSTRUTORA TENDA S.A.;41594;Ordin·ria;;0;R$ por Unidade;10434424;18.00;10.000000;0.000000
71.476.527/0001-35;2021-01-01;18;114209;CONSTRUTORA TENDA S.A.;41595;Ordin·ria;;3637578;R$ por Unidade;10434424;27.60;10.000000;34.861320
71.476.527/0001-35;2021-01-01;18;114209;CONSTRUTORA TENDA S.A.;41596;Ordin·ria;;600;R$ por Unidade;10379362;18.22;10.000000;0.005780
71.476.527/0001-35;2021-01-01;18;114209;CONSTRUTORA TENDA S.A.;41597;Ordin·ria;;1194500;R$ por Unidade;5408832;29.83;10.000000;22.084250
71.476.527/0001-35;2021-01-01;18;114209;CONSTRUTORA TENDA S.A.;41598;Ordin·ria;;4489300;R$ por Unidade;5398206;25.18;10.000001;83.162814
73.178.600/0001-18;2021-01-01;11;114178;CYRELA BRAZIL REALTY S.A.EMPREEND E PART;41570;Ordin·ria;;0;R$ por Unidade;20000000;0.00;7.620000;0.000000
73.178.600/0001-18;2021-01-01;11;114178;CYRELA BRAZIL REALTY S.A.EMPREEND E PART;41571;Ordin·ria;;17059000;R$ por Unidade;26187698;12.32;10.000000;65.100000
73.178.600/0001-18;2021-01-01;11;114178;CYRELA BRAZIL REALTY S.A.EMPREEND E PART;41572;Ordin·ria;;19499400;R$ por Unidade;22378516;14.22;5.370945;87.100000
78.876.950/0001-71;2021-01-01;6;110624;CIA HERING;40412;Ordin·ria;;4353300;R$ por Unidade;5000000;19.93;3.990000;87.066000
78.876.950/0001-71;2021-01-01;6;110624;CIA HERING;40413;Ordin·ria;;0;R$ por Unidade;835456;0.00;0.660000;0.000000
78.876.950/0001-71;2021-01-01;6;110624;CIA HERING;40414;Ordin·ria;;1490000;R$ por Unidade;1490000;18.51;1.170000;100.000000
78.876.950/0001-71;2021-01-01;6;110624;CIA HERING;40415;Ordin·ria;;0;R$ por Unidade;1500000;0.00;1.200000;0.000000
78.876.950/0001-71;2021-01-01;6;110624;CIA HERING;40416;Ordin·ria;;0;R$ por Unidade;5000000;0.00;4.020000;0.000000
78.876.950/0001-71;2021-01-01;6;110624;CIA HERING;40417;Ordin·ria;;0;R$ por Unidade;8000000;0.00;6.380000;0.000000
78.876.950/0001-71;2021-01-01;6;110624;CIA HERING;40418;Ordin·ria;;3732700;R$ por Unidade;5000000;15.23;3.900000;74.700000
81.243.735/0001-48;2021-01-01;11;115594;POSITIVO TECNOLOGIA S.A.;41927;Ordin·ria;;0;R$ por Unidade;6000000;0.00;3.500000;0.000000
81.243.735/0001-48;2021-01-01;11;115594;POSITIVO TECNOLOGIA S.A.;41928;Ordin·ria;;700000;R$ por Unidade;700000;2.35;4.950000;59.200000
83.475.913/0001-91;2021-01-01;5;115632;PBG S/A;41946;Ordin·ria;;71200;R$ por Unidade;6542817;13.98;10.000000;1.100000
83.475.913/0001-91;2021-01-01;5;115632;PBG S/A;41947;Ordin·ria;;6999658;R$ por Unidade;6999658;8.91;10.000000;10.000000
83.475.913/0001-91;2021-01-01;5;115632;PBG S/A;41948;Ordin·ria;;3959156;R$ por Unidade;3959156;4.33;5.000000;5.000000
84.429.695/0001-11;2021-01-01;4;114378;WEG S.A.;41646;Ordin·ria;;300000;R$ por Unidade;300000;34.43;0.000202;100.000000
84.429.695/0001-11;2021-01-01;4;114378;WEG S.A.;41647;Ordin·ria;;250000;R$ por Unidade;250000;47.02;0.000337;100.000000
84.429.695/0001-11;2021-01-01;4;114378;WEG S.A.;41648;Ordin·ria;;500000;R$ por Unidade;500000;17.35;0.000877;100.000000
84.683.374/0001-49;2021-01-01;10;114686;TUPY S.A.;41766;Ordin·ria;;150406;R$ por Unidade;235000;21.06;0.348030;64.002553
84.683.374/0001-49;2021-01-01;10;114686;TUPY S.A.;41767;Ordin·ria;;41585;R$ por Unidade;233000;17.80;0.353048;17.847640
84.683.374/0001-49;2021-01-01;10;114686;TUPY S.A.;41767;Ordin·ria;;89900;R$ por Unidade;233000;20.12;0.352397;38.583691
86.375.425/0001-09;2021-01-01;3;143700;METISA METALURGICA TIMBOENSE S.A.;46984;Preferencial;;43700;R$ por Unidade;150000;30.19;4.940000;29.130000
86.375.425/0001-09;2021-01-01;3;143700;METISA METALURGICA TIMBOENSE S.A.;46985;Preferencial;;149233;R$ por Unidade;150000;24.72;4.620000;99.480000
86.375.425/0001-09;2021-01-01;3;143700;METISA METALURGICA TIMBOENSE S.A.;46986;Preferencial;;26000;R$ por Unidade;150000;16.90;4.610000;17.333333
86.375.425/0001-09;2021-01-01;3;143700;METISA METALURGICA TIMBOENSE S.A.;46987;Preferencial;;240000;R$ por Unidade;240000;12.42;5.500000;100.000000
86.375.425/0001-09;2021-01-01;3;143700;METISA METALURGICA TIMBOENSE S.A.;46988;Preferencial;;240000;R$ por Unidade;240000;17.87;5.500000;100.000000
86.375.425/0001-09;2021-01-01;3;143700;METISA METALURGICA TIMBOENSE S.A.;46989;Preferencial;;240000;R$ por Unidade;240000;18.55;5.500000;100.000000
86.375.425/0001-09;2021-01-01;3;143700;METISA METALURGICA TIMBOENSE S.A.;46990;Preferencial;;28600;R$ por Unidade;250000;20.74;5.500000;11.440000
88.611.835/0001-29;2021-01-01;5;113758;MARCOPOLO S.A.;41436;Preferencial;;4960000;R$ por Unidade;10000000;3.54;1.730000;49.600000
89.086.144/0001-16;2021-01-01;7;114094;RANDONCORP S.A.;41551;Preferencial;;0;R$ por Unidade;5000000;0.00;2.847000;0.000000
89.086.144/0001-16;2021-01-01;7;114094;RANDONCORP S.A.;41552;Preferencial;;13000000;R$ por Unidade;13000000;10.27;7.410000;100.000000
89.096.457/0001-55;2021-01-01;10;115603;SLC AGRICOLA S.A.;41930;Ordin·ria;;0;R$ por Unidade;2000000;0.00;2.246277;0.000000
89.096.457/0001-55;2021-01-01;10;115603;SLC AGRICOLA S.A.;41931;Ordin·ria;;1000000;R$ por Unidade;1000000;42.68;2.296800;100.000000
89.096.457/0001-55;2021-01-01;10;115603;SLC AGRICOLA S.A.;41932;Ordin·ria;;2000000;R$ por Unidade;2000000;33.45;4.400000;100.000000
89.096.457/0001-55;2021-01-01;10;115603;SLC AGRICOLA S.A.;41933;Ordin·ria;;1100000;R$ por Unidade;1100000;25.06;2.380000;100.000000
89.096.457/0001-55;2021-01-01;10;115603;SLC AGRICOLA S.A.;41934;Ordin·ria;;2500000;R$ por Unidade;2500000;21.15;5.340000;100.000000
89.850.341/0001-60;2021-01-01;9;114234;GRENDENE S.A.;41604;Ordin·ria;;507490;R$ por Unidade;25000000;7.47;9.220000;2.029960
89.850.341/0001-60;2021-01-01;9;114234;GRENDENE S.A.;41605;Ordin·ria;;1467613;R$ por Unidade;6000000;11.05;2.220000;24.460217
89.850.341/0001-60;2021-01-01;9;114234;GRENDENE S.A.;41606;Ordin·ria;;1312343;R$ por Unidade;2000000;26.78;2.380000;65.617150
90.400.888/0001-42;2021-01-01;19;115788;BCO SANTANDER (BRASIL) S.A.;41998;Ordin·ria;;0;R$ por Unidade;36956402;0.00;1.000000;0.000000
90.400.888/0001-42;2021-01-01;19;115788;BCO SANTANDER (BRASIL) S.A.;41998;Preferencial;;0;R$ por Unidade;36956402;0.00;1.000000;0.000000
90.400.888/0001-42;2021-01-01;19;115788;BCO SANTANDER (BRASIL) S.A.;41999;Ordin·ria;;6465700;R$ por Unidade;37256072;11.61;1.000000;17.354000
90.400.888/0001-42;2021-01-01;19;115788;BCO SANTANDER (BRASIL) S.A.;41999;Preferencial;;6456700;R$ por Unidade;37256072;11.61;1.000000;17.354000
90.400.888/0001-42;2021-01-01;19;115788;BCO SANTANDER (BRASIL) S.A.;42000;Ordin·ria;;11743600;R$ por Unidade;37753760;34.14;1.000000;31.000000
90.400.888/0001-42;2021-01-01;19;115788;BCO SANTANDER (BRASIL) S.A.;42000;Preferencial;;11743600;R$ por Unidade;37753760;34.14;1.000000;31.000000
90.400.888/0001-42;2021-01-01;19;115788;BCO SANTANDER (BRASIL) S.A.;42001;Ordin·ria;;4089700;R$ por Unidade;38717204;15.98;1.030000;10.560000
90.400.888/0001-42;2021-01-01;19;115788;BCO SANTANDER (BRASIL) S.A.;42001;Preferencial;;4089700;R$ por Unidade;38717204;15.98;1.030000;10.560000
92.012.467/0001-70;2021-01-01;5;114083;GRAZZIOTIN S.A.;41544;Ordin·ria;;59942;R$ por Unidade;252500;34.59;23.739405;23.739505
92.012.467/0001-70;2021-01-01;5;114083;GRAZZIOTIN S.A.;41544;Preferencial;;212411;R$ por Unidade;821900;34.59;25.843898;25.843898
92.012.467/0001-70;2021-01-01;5;114083;GRAZZIOTIN S.A.;41545;Ordin·ria;;23100;R$ por Unidade;255900;0.00;0.902494;9.026963
92.012.467/0001-70;2021-01-01;5;114083;GRAZZIOTIN S.A.;41545;Preferencial;;297600;R$ por Unidade;849700;0.00;3.502110;35.024126
92.012.467/0001-70;2021-01-01;5;114083;GRAZZIOTIN S.A.;41546;Ordin·ria;;22112;R$ por Unidade;258100;22.41;0.856495;8.567222
92.012.467/0001-70;2021-01-01;5;114083;GRAZZIOTIN S.A.;41546;Preferencial;;134500;R$ por Unidade;849100;22.69;1.583950;15.840301
92.665.611/0001-77;2021-01-01;9;114834;DIMED S.A. DISTRIBUIDORA DE MEDICAMENTOS;41812;Ordin·ria;;1374244;R$ por Unidade;2000000;21.95;3.059370;74.670000
92.665.611/0001-77;2021-01-01;9;114834;DIMED S.A. DISTRIBUIDORA DE MEDICAMENTOS;41812;Preferencial;;0;R$ por Unidade;240000;0.00;3.032100;0.000000
92.665.611/0001-77;2021-01-01;9;114834;DIMED S.A. DISTRIBUIDORA DE MEDICAMENTOS;41813;Ordin·ria;;0;R$ por Unidade;450000;0.00;1.200000;0.000000
92.665.611/0001-77;2021-01-01;9;114834;DIMED S.A. DISTRIBUIDORA DE MEDICAMENTOS;41814;Ordin·ria;;0;R$ por Unidade;450000;0.00;1.300000;0.000000
92.665.611/0001-77;2021-01-01;9;114834;DIMED S.A. DISTRIBUIDORA DE MEDICAMENTOS;41815;Ordin·ria;;15000;R$ por Unidade;300000;10.50;0.850000;5.000000
92.665.611/0001-77;2021-01-01;9;114834;DIMED S.A. DISTRIBUIDORA DE MEDICAMENTOS;41816;Ordin·ria;;774000;R$ por Unidade;3621300;10.54;10.000000;21.373540
92.665.611/0001-77;2021-01-01;9;114834;DIMED S.A. DISTRIBUIDORA DE MEDICAMENTOS;41816;Preferencial;;0;R$ por Unidade;787050;0.00;10.000000;0.000000
92.665.611/0001-77;2021-01-01;9;114834;DIMED S.A. DISTRIBUIDORA DE MEDICAMENTOS;41817;Ordin·ria;;396000;R$ por Unidade;3556890;13.18;10.000000;11.133322
92.665.611/0001-77;2021-01-01;9;114834;DIMED S.A. DISTRIBUIDORA DE MEDICAMENTOS;41817;Preferencial;;0;R$ por Unidade;783180;0.00;10.000000;0.000000
92.665.611/0001-77;2021-01-01;9;114834;DIMED S.A. DISTRIBUIDORA DE MEDICAMENTOS;41818;Ordin·ria;;36000;R$ por Unidade;342150;15.17;1.000000;10.521701
92.665.611/0001-77;2021-01-01;9;114834;DIMED S.A. DISTRIBUIDORA DE MEDICAMENTOS;41819;Ordin·ria;;0;R$ por Unidade;337650;0.00;1.000000;0.000000
92.690.783/0001-09;2021-01-01;14;115100;METALURGICA GERDAU S.A.;41848;Preferencial;;0;R$ por Unidade;69000000;0.00;10.000000;0.000000
92.715.812/0001-31;2021-01-01;10;115679;CPFL TRANSMISS√O S.A.;41963;Ordin·ria;;0;R$ por Unidade;68876;0.00;2.196363;0.000000
92.715.812/0001-31;2021-01-01;10;115679;CPFL TRANSMISS√O S.A.;41963;Preferencial;;0;R$ por Unidade;75288;0.00;46.209652;0.000000
92.754.738/0001-62;2021-01-01;13;114384;LOJAS RENNER S.A.;41657;Ordin·ria;;2000000;R$ por Unidade;8000000;48.44;1.007051;25.000000
92.754.738/0001-62;2021-01-01;13;114384;LOJAS RENNER S.A.;41658;Ordin·ria;;1099835;R$ por Unidade;1210000;23.46;0.154898;90.895455
92.754.738/0001-62;2021-01-01;13;114384;LOJAS RENNER S.A.;41659;Ordin·ria;;1210000;R$ por Unidade;1210000;15.71;0.154898;100.000000
97.837.181/0001-47;2021-01-01;14;115636;DEXCO S.A.;41949;Ordin·ria;;20000000;R$ por Unidade;20000000;13.72;6.763315;100.000000
97.837.181/0001-47;2021-01-01;14;115636;DEXCO S.A.;41950;Ordin·ria;;5000000;R$ por Unidade;5000000;18.94;1.859943;100.000000
